"meta_cateory","keyword"
"Europe","DARTMOOR"
"Europe","EURASIA"
"Europe","RENNE"
"Europe","UNITED KINGDOM"
"Europe","GARGAS CAVE"
"Europe","ROUFFIGNAC CAVE"
"Europe","FUMANE CAVE"
"Europe","CUEVA MORIN"
"Europe","GROTTE XVI"
"Europe","GROTTE DU RENNE"
"Europe","BALTIC"
"Europe","EASTERN-CENTRAL-EUROPE"
"Europe","BELGIUM"
"Europe","BRNO"
"Europe","PARIS BASIN"
"Europe","BISTRITA BASIN"
"Europe","ROMANIA"
"Europe","BADEN-WURTTEMBERG"
"Europe","PORTUGAL"
"Europe","VERONA"
"Europe","CATALONIA"
"Europe","VENETO"
"Europe","LOWER SAXONY"
"Europe","GIBRALTAR"
"Europe","RUEIL-MALMAISON"
"Europe","AQUITAINE"
"Europe","BRITTANY"
"Europe","ANTOLINAKO KOBA"
"Europe","CRETE"
"Europe","SOUTHERN SCANDINAVIA"
"Europe","WESTERN-EUROPE"
"Europe","SOVIET UNION"
"Europe","IBERIAN MEDITERRANEAN REGION"
"Europe","SOUTHWESTERN FRANCE"
"Europe","NORTHERN IBERIA"
"Europe","JIHOMORAVSKY"
"Europe","CAPELLADES"
"Europe","DORDOGNE"
"Europe","SWABIAN ALB"
"Europe","NETHERLANDS"
"Europe","EASTERN CARPATHIANS"
"Europe","SOUTH-EAST EUROPE"
"Europe","CANTABRIA"
"Europe","SCHONINGEN"
"Europe","MEDITERRANEAN"
"Europe","EL CASTILLO"
"Europe","CARPATHIANS"
"Europe","SWABIAN JURA"
"Europe","ALICANTE [COMUNIDAD VALENCIA]"
"Europe","CZECH REPUBLIC"
"Europe","EL-CASTILLO"
"Europe","SAINT-CESAIRE"
"Europe","LOS HUESOS"
"Europe","MIDDLE DANUBE"
"Europe","SOUTHERN CAUCASIA"
"Europe","ATAPUERCA"
"Europe","COMUNIDAD VALENCIA"
"Europe","CENTRAL EUROPE"
"Europe","FRANCE"
"Europe","IBERIAN PENINSULA"
"Europe","SPAIN"
"Europe","ITALY"
"Europe","MEDITERRANEAN REGION"
"Europe","EUROPE"
"Europe","PREHISTORIC EUROPE"
"Europe","WESTERN EUROPE"
"Europe","GERMANY"
"Europe","SIERRA DE ATAPUERCA"
"Europe","GIRONDE"
"Europe","SOUTHERN EUROPE"
"Europe","CENTRAL-EUROPE"
"Europe","IRELAND"
"Europe","SCANDINAVIA"
"Europe","WALES"
"Europe","SOUTHERN ENGLAND"
"Europe","KRAPINA"
"Europe","ANCIENT MEDITERRANEAN AND NEAR EAST"
"Europe","EASTERN BOHEMIA"
"Europe","BULGARIA"
"Europe","GREECE"
"Europe","TENAGHI PHILIPPON"
"Europe","IBERIA"
"Europe","IRISH MEGALITHS"
"Europe","IRISH AGRICULTURAL CONDITIONS"
"Europe","ROMAN EMPIRE"
"Central_Northern_Asia","DEAD SEA"
"Central_Northern_Asia","CENTRAL-ASIA"
"Central_Northern_Asia","CAUCASUS"
"Central_Northern_Asia","STEPPE"
"Central_Northern_Asia","SIBERIA"
"Central_Northern_Asia","ENISEI RIVER VALLEY"
"Central_Northern_Asia","WEST ANATOLIA"
"Central_Northern_Asia","ANATOLIA"
"Central_Northern_Asia","MESOPOTAMIA"
"Central_Northern_Asia","CENTRAL ASIA"
"East_Asia","KOREA"
"East_Asia","CHINA"
"East_Asia","BOSE BASIN"
"East_Asia","NORTHERN CHINA"
"East_Asia","ASIA"
"East_Asia","SRI LANKA"
"East_Asia","RURAL BANGLADESH"
"East_Asia","EAST ASIA"
"East_Asia","SOUTHEAST ASIA"
"East_Asia","PREHISTORIC THAILAND"
"East_Asia","EAST-ASIA"
"East_Asia","SOUTH ASIAN TRIANGLE"
"East_Asia","JOMON"
"East_Asia","JAPAN"
"East_Asia","TIBET"
"East_Asia","EAST TIMOR"
"East_Asia","HOABINHIAN"
"East_Asia","FLORES"
"East_Asia","GUANGXI"
"East_Asia","FENGSHUDAO"
"Australia_Tasmania","NEW-SOUTH-WALES"
"Australia_Tasmania","NORTHERN AUSTRALIA"
"Australia_Tasmania","AUSTRALIAN STONE TOOLS"
"Australia_Tasmania","TASMANIA"
"Oceania_Polynesia","PAPUA-NEW-GUINEA"
"Oceania_Polynesia","WEST POLYNESIA"
"Oceania_Polynesia","SAMOA"
"Oceania_Polynesia","TUTUILA ISLAND"
"Oceania_Polynesia","TONGA"
"Oceania_Polynesia","TONGAN"
"Oceania_Polynesia","TONGAN MARITIME EMPIRE"
"Oceania_Polynesia","LAPITA"
"Oceania_Polynesia","NEW-GUINEA"
"Oceania_Polynesia","POLYNESIA"
"Oceania_Polynesia","MICRONESIANS"
"Oceania_Polynesia","EASTER ISLAND"
"Oceania_Polynesia","RAPA NUI"
"Oceania_Polynesia","RAPA"
"Oceania_Polynesia","NUI"
"Oceania_Polynesia","MARQUESAS ISLANDS"
"Oceania_Polynesia","MARAE"
"Oceania_Polynesia","AITUTAKI"
"Oceania_Polynesia","FIJIAN VILLAGES"
"Oceania_Polynesia","LAPITA SETTLEMENT"
"Near_Middle_East","EBA SOUTHERN LEVANT"
"Near_Middle_East","LEVANT"
"Near_Middle_East","GESHER BENOT YA'AQOV"
"Near_Middle_East","GESHER BENOT YAAQOV"
"Near_Middle_East","GESHER-BENOT-YAAQOV"
"Near_Middle_East","ISRAEL"
"Near_Middle_East","QAFZEH CAVE"
"Near_Middle_East","HAYONIM CAVE"
"Near_Middle_East","QESEM"
"Near_Middle_East","QESEM CAVE"
"Near_Middle_East","TABUN CAVE"
"Near_Middle_East","EL-WAD TERRACE"
"Near_Middle_East","CARMEL CAVES"
"Near_Middle_East","MIDDLE EAST"
"Near_Middle_East","IRAN"
"Near_Middle_East","ZAGROS"
"Near_Middle_East","WARWASI"
"Near_Middle_East","ZAGROS MOUNTAINS"
"Near_Middle_East","YAFTEH"
"Near_Middle_East","NEAR-EAST"
"Near_Middle_East","SOUTHERN LEVANT"
"Near_Middle_East","ANCIENT MEDITERRANEAN AND NEAR EAST"
"Near_Middle_East","SOUTH-EASTERN ARABIA"
"Near_Middle_East","OMAN"
"Near_Middle_East","DHOFAR"
"Near_Middle_East","EASTERN ANATOLIA"
"Near_Middle_East","WADI SURDUD"
"Africa","POST-HOWIESONS POORT"
"Africa","HOWIESONS-POORT LAYERS"
"Africa","ELANDS BAY CAVE"
"Africa","STILL BAY INDUSTRY"
"Africa","NORTH-AFRICA"
"Africa","CENTRAL SUDAN"
"Africa","BORDER CAVE"
"Africa","EGYPT"
"Africa","GONA"
"Africa","NILE VALLEY"
"Africa","JEBEL IRHOUD"
"Africa","AFRICA"
"Africa","AFRICAN ARCHAEOLOGY"
"Africa","SUDAN"
"Africa","FAZZAN BASIN"
"Africa","FTEAH CAVE CYRENAICA"
"Africa","KLASIES RIVER"
"Africa","WEST TURKANA"
"Africa","ETHIOPIA"
"Africa","SOUTH AFRICA"
"Africa","EAST AFRICAN RIFT"
"Africa","SOUTH-AFRICA"
"Africa","WESTERN CAPE"
"Africa","EAST AFRICA"
"Africa","NAMIBIA"
"Africa","SOUTHERN-AFRICA"
"Africa","DIEPKLOOF ROCK SHELTER"
"Africa","ETHIOPIAN RIFT"
"Africa","BLOMBOS CAVE"
"Africa","DIE KELDERS"
"Africa","WEST AFRICA"
"Africa","SUB-SAHARAN AFRICA"
"Africa","BLOMBOS"
"Africa","SIBUDU"
"Africa","KLASIES"
"Africa","DIEPKLOOF"
"Africa","OLDUVAI-GORGE"
"Africa","OLDUVAI GORGE"
"Africa","WONDERWERK CAVE"
"Africa","LAKE NDUTU"
"Africa","LOKALALEI 2C"
"Africa","22 ZINJANTHROPUS"
"Africa","MOSSEL BAY"
"Africa","KOOBI-FORA"
"Africa","LAKE TURKANA"
"Africa","DIEPKLOOF ROCK"
"Africa","SOUTHERN AFRICA"
"Africa","MADAGASCAR"
"Africa","DUINEFONTEIN 2"
"Africa","NORTHERN CAPE"
"Africa","KATHU PAN 1"
"Africa","STILL BAY"
"Africa","HOWIESONS"
"Africa","POORT"
"Africa","WESTERN CAPE PROVINCE"
"Meso_South_America","CLASSIC MAYA"
"Meso_South_America","SOUTH AMERICA PEOPLING"
"Meso_South_America","CLASSIC-MAYA"
"Meso_South_America","MAYA LOWLANDS"
"Meso_South_America","AZTEC HUMAN SACRIFICE"
"Meso_South_America","NORTHERN URUGUAY"
"Meso_South_America","CARIBBEAN"
"Meso_South_America","ANDES"
"Meso_South_America","ATACAMA DESERT"
"Meso_South_America","CHIHUAHUA"
"Meso_South_America","MEXICO"
"Meso_South_America","OAXACA"
"Meso_South_America","CENTRAL ANDES"
"Meso_South_America","ANTOFAGASTA"
"Meso_South_America","ALERO CUEVAS SITE"
"Meso_South_America","BRAZILIAN"
"Meso_South_America","BRAZILIAN ARCHAEOLOGY"
"Meso_South_America","AMERICA"
"Meso_South_America","PRE-COLUMBIAN CARIBBEAN"
"Meso_South_America","QUEBRADA TACAHUAY"
"Meso_South_America","UCAYALI"
"Meso_South_America","RIO NEGRO"
"Meso_South_America","MATIAS GULF"
"Meso_South_America","SOUTH-CENTRAL ANDES"
"North_America","PALEOINDIAN POINTS"
"North_America","LATE PREHISTORIC US"
"North_America","CLOVIS POINTS"
"North_America","DAISY CAVE"
"North_America","CALIFORNIA"
"North_America","GREAT BASIN"
"North_America","AMERICAN SOUTHWEST"
"North_America","US"
"North_America","USA"
"North_America","GREAT PLAINS"
"North_America","US SOUTHWEST"
"North_America","GREAT-BASIN"
"North_America","COASTAL SOUTHERN CALIFORNIA"
"North_America","SAN-FRANCISCO-BAY"
"North_America","SAN-FRANCISCO BAY"
"North_America","NORTH AMERICA"
"North_America","EMERYVILLE SHELLMOUND"
"North_America","NORTH-AMERICA"
"North_America","FOLSOM"
"North_America","PACIFIC-NORTHWEST"
"North_America","PACIFIC NORTHWEST"
"North_America","BRITISH-COLUMBIA"
"North_America","KEATLEY CREEK"
"North_America","LILLOOET"
"North_America","TEXAS"
"North_America","SOUTHERN HIGH-PLAINS"
"North_America","COAST SALISH"
"North_America","SALISH"
"North_America","SALISH SEA"
"North_America","AMERICA"
"North_America","SOUTHEASTERN UNITED-STATES"
"North_America","WESTERN GREAT-BASIN"
"North_America","NORTH AMERICAN ARCTIC"
"North_America","MESA VERDE (CO)"
"North_America","PUEBLO SOCIETIES"
"North_America","PUEBLO SOCIETY"
"North_America","PUEBLO"
"North_America","ANCESTRAL PUEBLO"
"North_America","KEATLEY"
"North_America","CLOVIS"
"North_America","NORTH-AMERICAN ARCHAEOLOGY"
"North_America","L. FRIEDKIN SITE"
"North_America","UNITED-STATES"
"North_America","ARCTIC CANADA"
"North_America","LATE WOODLAND"
"North_America","ALASKA"
"North_America","PALEO CROSSING 33ME274"
"North_America","CALIFORNIA PREHISTORY"
"North_America","CANADA IMPLICATIONS"
"North_America","WOODLAND CERAMICS"
"North_America","OHIO"
"North_America","FRANCISCO BAY"
"North_America","GREAT-SALT-LAKE"
"Arctic","SMALL TOOL TRADITION"
"Arctic","ALASKA PREHISTORY"
"Arctic","PALEOESKIMO DEMOGRAPHY"
"Arctic","ARCTIC SMALL TOOL TRADITION"
"Arctic","GREENLAND"
"Arctic","ARCTIC CANADA"
"Arctic","ALASKA"
"Arctic","BERINGIA"
"Arctic","EASTERN BERINGIA"
"Islands","ISLAND"
"Islands","ISLANDS"
"Islands","INTER-ISLAND CONTACT"
"Islands","PACIFIC"
"Islands","SOCIETY ISLANDS"
"Islands","CHANNEL-ISLANDS"
"Islands","AITUTAKI"
"Maritime_Lacustrine_Riverine","LAKE"
"Maritime_Lacustrine_Riverine","SEA-LEVEL"
"Maritime_Lacustrine_Riverine","SEA-LEVEL HISTORY"
"Maritime_Lacustrine_Riverine","SEA"
"Maritime_Lacustrine_Riverine","NORTH COAST"
"Maritime_Lacustrine_Riverine","RIVER MAIN SITE"
"Maritime_Lacustrine_Riverine","FLUVIAL TERRACE"
"Maritime_Lacustrine_Riverine","RIVER TERRACE"
"Maritime_Lacustrine_Riverine","MARITIME REGION"
"Maritime_Lacustrine_Riverine","MARITIME"
"Maritime_Lacustrine_Riverine","RIVER VALLEY"
"Maritime_Lacustrine_Riverine","COAST"
"Maritime_Lacustrine_Riverine","MARITIME NETWORKS"
"Maritime_Lacustrine_Riverine","LAKE LEVEL"
"Maritime_Lacustrine_Riverine","RIVER"
"Cave","ELANDS BAY CAVE"
"Cave","TABUN CAVE"
"Cave","GARGAS CAVE"
"Cave","ROUFFIGNAC CAVE"
"Cave","FUMANE CAVE"
"Cave","CUEVA MORIN"
"Cave","GROTTE XVI"
"Cave","GROTTE DU RENNE"
"Cave","WONDERWERK CAVE"
"Cave","BLOMBOS CAVE"
"Cave","KLASIES RIVER"
"Cave","DIE KELDERS"
"Cave","FTEAH CAVE CYRENAICA"
"Cave","SHELTER"
"Cave","SIBUDU CAVE"
"Cave","QESEM CAVE"
"Cave","QAFZEH CAVE"
"Cave","HAYONIM CAVE"
"Cave","KELDERS CAVE 1"
"Cave","BORDER CAVE"
"Cave","DAISY CAVE"
"Cave","FTEAH CAVE CYRENAICA"
"Cave","TABUN CAVE"
"Cave","GROTTE"
"Cave","CAVES"
"Cave","CAVE"
"Cave","EL-CASTILLO"
"Cave","ROCK-SHELTER"
"Cave","GARGAS CAVE"
"Cave","CARMEL CAVES"
"Cave","ROUFFIGNAC CAVE"
"Cave","CUEVA MORIN"
"Lithic_Tools_Technology","BLADES"
"Lithic_Tools_Technology","MICROLITHIC"
"Lithic_Tools_Technology","LAMINAR ASSEMBLAGE"
"Lithic_Tools_Technology","BLADE/BLADELET TECHNOLOGY"
"Lithic_Tools_Technology","BLADE TECHNOLOGY"
"Lithic_Tools_Technology","BIPOLAR KNAPPING"
"Lithic_Tools_Technology","STONE KNAPPING"
"Lithic_Tools_Technology","BLADE PRODUCTION"
"Lithic_Tools_Technology","LEVALLOIS TECHNOLOGY"
"Lithic_Tools_Technology","FLINT KNAPPING"
"Lithic_Tools_Technology","PRODUCTION SKILL"
"Lithic_Tools_Technology","MACROLITHIC TOOLS"
"Lithic_Tools_Technology","MACROBLADE"
"Lithic_Tools_Technology","NEOCORTEX SIZE"
"Lithic_Tools_Technology","FLAKE SCAR PATTERNS"
"Lithic_Tools_Technology","BIPOLAR REDUCTION"
"Lithic_Tools_Technology","FLAKING"
"Lithic_Tools_Technology","PERCUSSION FLAKING"
"Lithic_Tools_Technology","LITHICS"
"Lithic_Tools_Technology","CORE TECHNOLOGIES"
"Lithic_Tools_Technology","UNIFACIAL STONE TOOLS"
"Lithic_Tools_Technology","GEOMETRIC MICROLITHS"
"Lithic_Tools_Technology","AUSTRALIAN STONE TOOLS"
"Lithic_Tools_Technology","TECHNOLOGY"
"Lithic_Tools_Technology","LITHIC"
"Lithic_Tools_Technology","TOOLS"
"Lithic_Tools_Technology","LITHIC TECHNOLOGY"
"Lithic_Tools_Technology","STONE TOOL"
"Lithic_Tools_Technology","STONE TOOLS"
"Lithic_Tools_Technology","STONE ARTIFACTS"
"Lithic_Tools_Technology","LITHIC FRAGMENT"
"Lithic_Tools_Technology","TECHNOLOGIES"
"Lithic_Tools_Technology","STONE TECHNOLOGY"
"Lithic_Tools_Technology","INDUSTRIES"
"Lithic_Tools_Technology","INDUSTRY"
"Lithic_Tools_Technology","ASSEMBLAGES"
"Lithic_Tools_Technology","STONES"
"Lithic_Tools_Technology","STONE ARTIFACT ASSEMBLAGES"
"Lithic_Tools_Technology","STONE"
"Lithic_Tools_Technology","TOOLMAKING"
"Lithic_Tools_Technology","HANDAXES"
"Lithic_Tools_Technology","FLAKES"
"Lithic_Tools_Technology","KNAPPING QUALITY"
"Lithic_Tools_Technology","KNIVES"
"Lithic_Tools_Technology","FLAKE-BASED LITHIC TOOLS"
"Lithic_Tools_Technology","COMPLEX KNAPPING"
"Lithic_Tools_Technology","BLADE"
"Lithic_Tools_Technology","KNAPPING"
"Lithic_Tools_Technology","TECHNOLOGICAL DEVELOPMENT"
"Lithic_Tools_Technology","TRANSITIONAL TECHNO-COMPLEXES"
"Lithic_Tools_Technology","KNAPPING COSTS"
"Lithic_Tools_Technology","ORIGIN OF MICROBLADE TECHNOLOGY"
"Lithic_Tools_Technology","POTATO KNAPPING"
"Lithic_Tools_Technology","BIFACE"
"Lithic_Tools_Technology","BIFACE INDEX"
"Lithic_Tools_Technology","LARGE CUTTING TOOLS"
"Lithic_Tools_Technology","LITHIC ASSEMBLAGES"
"Lithic_Tools_Technology","LITHIC TECHNOLOGICAL VARIABILITY"
"Lithic_Tools_Technology","LITHIC TYPOLOGY"
"Lithic_Tools_Technology","MICROBLADES"
"Lithic_Tools_Technology","STILL BAY INDUSTRY"
"Lithic_Tools_Technology","MODE 2"
"Lithic_Tools_Technology","SMALL TOOL TRADITION"
"Lithic_Tools_Technology","ARCTIC SMALL TOOL TRADITION"
"Lithic_Tools_Technology","TOOL CURATION"
"Lithic_Tools_Technology","TOOL STONES"
"Lithic_Tools_Technology","TOOL"
"Lithic_Tools_Technology","TOOL PRODUCTION"
"Lithic_Tools_Technology","TOOL-MAKING"
"Lithic_Tools_Technology","REDUCTION SEQUENCES"
"Lithic_Tools_Technology","BLADELETS/MICROLITHS"
"Lithic_Tools_Technology","LITHIC ANALYSIS"
"Lithic_Tools_Technology","REFITTING"
"Lithic_Tools_Technology","CHAINE OPERATOIRE"
"Lithic_Tools_Technology","CHANE OPRATOIRE"
"Lithic_Tools_Technology","OPERATIONAL SEQUENCES"
"Lithic_Tools_Technology","LITHIC TAPHONOMY"
"Lithic_Tools_Technology","SEQUENTIAL LITHIC INFORMATION ANALYSIS"
"Lithic_Tools_Technology","LITHIC STUDIES"
"Lithic_Tools_Technology","DEBITAGE"
"Handaxes","HANDAXES"
"Handaxes","LEVALLOIS"
"Handaxes","LEVALLOIS METHOD"
"Handaxes","LEVALLOIS TECHNOLOGY"
"Handaxes","LEVALLOIS METHODS"
"Handaxes","HANDAXE"
"Handaxes","ACHEULEAN HANDAXES"
"Handaxes","ACHEULEAN HANDAXE"
"Handaxes","HANDAXE SYMMETRY"
"Projectile_Points","PROJECTILE TECHNOLOGY"
"Projectile_Points","STEMMED POINTS"
"Projectile_Points","PROJECTILE"
"Projectile_Points","PROJECTILE-POINT MORPHOLOGY"
"Projectile_Points","LITHIC PROJECTILE POINTS"
"Projectile_Points","PROJECTILES"
"Projectile_Points","PROJECTILE-POINT TECHNOLOGY"
"Projectile_Points","ARROW-POINT TYPES"
"Projectile_Points","DART-POINT TYPES"
"Projectile_Points","CLOVIS POINTS"
"Projectile_Points","DART"
"Projectile_Points","BOW"
"Projectile_Points","BOW AND ARROW"
"Projectile_Points","ATLATL AND DART"
"Projectile_Points","CLOVIS POINT"
"Projectile_Points","POINT TYPES"
"Projectile_Points","ARROW"
"Projectile_Points","LEAF POINTS"
"Projectile_Points","PROJECTILE-POINT TYPES"
"Projectile_Points","PROJECTILE POINT TYPOLOGY"
"Projectile_Points","DART-ARROW INDEX"
"Projectile_Points","HAFTED"
"Projectile_Points","HAFTED PROJECTILE POINTS"
"Projectile_Points","PROJECTILE POINT"
"Projectile_Points","ARROW POINTS"
"Projectile_Points","DART POINTS"
"Projectile_Points","FLUTED PROJECTILE POINTS"
"Projectile_Points","FLUTED POINTS"
"Projectile_Points","BIFACIAL STEMMED POINTS"
"Projectile_Points","PROJECTILE POINTS"
"Projectile_Points","ARROW HEAD"
"Projectile_Points","POINT TECHNOLOGY"
"Projectile_Points","PALEOINDIAN PROJECTILE POINTS"
"Lithic_Raw_Material","LITHIC SOURCE AREAS"
"Lithic_Raw_Material","OBSIDIAN PROCUREMENT"
"Lithic_Raw_Material","RAW-MATERIAL SELECTIVITY"
"Lithic_Raw_Material","RAW-MATERIAL AVAILABILITY"
"Lithic_Raw_Material","RAW-MATERIAL QUALITY"
"Lithic_Raw_Material","RAW MATERIALS"
"Lithic_Raw_Material","ALLOCHTHONOUS MATERIALS"
"Lithic_Raw_Material","OBSIDIAN"
"Lithic_Raw_Material","VOLCANIC GLASS"
"Lithic_Raw_Material","BURNT FLINTS"
"Lithic_Raw_Material","RAW-MATERIAL"
"Lithic_Raw_Material","FLINT"
"Material_culture","ARTIFACTS"
"Material_culture","MATERIAL CULTURE PROXIES"
"Material_culture","BEADS"
"Material_culture","ARTIFACT"
"Material_culture","MATERIAL CULTURE"
"Ceramics","TECHNOLOGICAL-CHOICES-IN-CERAMIC-PRODUCTION"
"Ceramics","CERAMIC CONSUMPTION"
"Ceramics","INDIGENOUS CERAMICS"
"Ceramics","ORIGINS OF POTTERY"
"Ceramics","MESOLITHIC POTTERY"
"Ceramics","ANCIENT CERAMICS"
"Ceramics","POTTERY DESCRIPTION"
"Ceramics","POTTERY-MAKING TECHNIQUES"
"Ceramics","EARLY CERAMICS"
"Ceramics","EARLY FORMATIVE POTTERY"
"Ceramics","EARLY POTTERY"
"Ceramics","WOODLAND CERAMICS"
"Ceramics","AMPHORA WORKSHOPS"
"Ceramics","CERAMIC TECHNOLOGY"
"Ceramics","CERAMIC PRODUCTION"
"Ceramics","BROWNWARE"
"Ceramics","POTTERY TECHNOLOGY"
"Ceramics","POTTER'S WHEEL"
"Ceramics","VESSELS"
"Ceramics","CERAMICS"
"Ceramics","CERAMIC ETHNOARCHAEOLOGY"
"Ceramics","POTTERY"
"Ceramics","POTS"
"Ceramics","POTTERY PRODUCTION"
"Ceramics","CERAMIC"
"Bone_Tools","FISHHOOKS"
"Bone_Tools","BONE INDUSTRY"
"Bone_Tools","BONE TOOLS"
"Bone_Tools","BONE TOOL"
"Play_objects","PUBLIC-GOODS GAMES"
"Play_objects","CHILDS PLAY"
"Play_objects","SYMBOLIC PLAY"
"Play_objects","PLAY OBJECTS"
"Play_objects","DICE"
"Play_objects","BOARD"
"Play_objects","GAMES"
"Play_objects","BOARD GAME"
"Cultural_Evolution","COGNITIVE AND CULTURAL EVOLUTION"
"Cultural_Evolution","TECHNOLOGICAL-CHANGE"
"Cultural_Evolution","CULTURAL EVOLUTIONARY"
"Cultural_Evolution","BIOLOGICAL AND CULTURAL EVOLUTION"
"Cultural_Evolution","CUMULATIVE TECHNOLOGICAL CULTURE"
"Cultural_Evolution","CUMULATIVE CULTURAL-EVOLUTION"
"Cultural_Evolution","CULTURAL MACROEVOLUTION"
"Cultural_Evolution","CULTURAL TAXONOMY"
"Cultural_Evolution","PREHISTORIC CULTURAL EVOLUTION"
"Cultural_Evolution","CULTURAL EVOLUTIONARY THEORY"
"Cultural_Evolution","DARWINIAN ARCHAEOLOGY"
"Cultural_Evolution","DARWINISM"
"Cultural_Evolution","CULTURAL INHERITANCE"
"Cultural_Evolution","TECHNOLOGICAL EVOLUTION"
"Cultural_Evolution","CULTURAL LINEAGES"
"Cultural_Evolution","CULTURAL EVOLUTION"
"Cultural_Evolution","CULTURAL-EVOLUTION"
"Cultural_Evolution","HUMAN CULTURAL-EVOLUTION"
"Cultural_Evolution","FREQUENCY DEPENDENT COPYING"
"Cultural_Evolution","CULTURAL EVOLUTIONARY MODELS"
"Cultural_Evolution","INNOVATION"
"Cultural_Evolution","SOCIO-CULTURAL EVOLUTION"
"Cultural_Evolution","CULTURAL CHANGE"
"Cultural_Evolution","CULTURE CHANGE"
"Cultural_Evolution","BRANCHING VS. BLENDING"
"Cultural_Evolution","CULTURAL INNOVATION"
"Cultural_Evolution","RELIGION AND CULTURAL EVOLUTION"
"Niche_Construction","CULTURAL NICHE CONSTRUCTION"
"Niche_Construction","HUMAN NICHE CONSTRUCTION"
"Niche_Construction","NICHE"
"Niche_Construction","ECOLOGICAL NICHE MODELING"
"Niche_Construction","NICHE CONSTRUCTION"
"Niche_Construction","NICHE-CONSTRUCTION"
"Niche_Construction","NICHE CONSTRUCTION-THEORY"
"Niche_Construction","NICHE CONSTRUCTION THEORY"
"Niche_Construction","ECO-CULTURAL NICHE"
"Niche_Construction","AESTHETIC NICHE"
"Niche_Construction","NICHE DIVERSIFICATION"
"Complexity","COMPLEX ADAPTIVE SYSTEMS"
"Complexity","COMPLEX SOCIETIES"
"Complexity","CULTURAL COMPLEXITY"
"Complexity","COMPLEXITY"
"Complexity","EMERGENT COMPLEXITY"
"Complexity","SOCIAL COMPLEXITY"
"Complexity","TECHNOLOGICAL COMPLEXITY"
"Complexity","SOCIO-POLITICAL COMPLEXITY"
"Complexity","SOCIOPOLITICAL COMPLEXITY"
"Complexity","POLITICAL COMPLEXITY"
"Complexity","CUMULATIVE CULTURAL"
"Complexity","SOCIETAL COMPLEXITY"
"Memetics","MEMES"
"Memetics","MEME'S EYE-VIEW"
"Memetics","MEME"
"Memetics","GENES MEMES"
"Memetics","MEMETIC INHERITANCE"
"Cultural_Transmission","CULTURE TRANSMISSION"
"Cultural_Transmission","DIFFUSION"
"Cultural_Transmission","CULTURAL TRANSMISSION THEORY"
"Cultural_Transmission","MODES OF INHERITANCE"
"Cultural_Transmission","HORIZONTAL TRANSFER"
"Cultural_Transmission","FREQUENCY DEPENDENT COPYING"
"Cultural_Transmission","PAYOFF-BIASED TRANSMISSION"
"Cultural_Transmission","CULTURAL TRANSMISSION"
"Cultural_Transmission","COPYING"
"Cultural_Transmission","LATERAL/HORIZONTAL TRANSFER"
"Cultural_Transmission","HORIZONTAL TRANSMISSION"
"Cultural_Transmission","STYLISTIC VARIATION"
"Cultural_Transmission","DIFFUSION OF INNOVATIONS"
"Cultural_Transmission","IDEA-DIFFUSION"
"Cultural_Transmission","CULTURAL DIFFUSION"
"Cultural_Transmission","INFORMATION TRANSMISSION"
"Cultural_Transmission","TECHNOLOGICAL TRANSMISSION"
"Cultural_Transmission","DIFFUSION OF INNOVATION"
"Cultural_Transmission","SPREAD OF INNOVATION"
"Cultural_Transmission","INNOVATION DIFFUSION"
"Cultural_Transmission","CONFORMIST TRANSMISSION"
"Cultural_Transmission","TRANSMISSION PROCESSES"
"Cultural_Transmission","TRAIT TRANSMISSION"
"Cultural_Transmission","TRANS-EURASIA CULTURAL EXCHANGE"
"Cultural_Transmission","TRANSCONTINENTAL CULTURE EXCHANGE"
"Cultural_Transmission","CRISIS OF TRANSMISSION"
"Cultural_Transmission","SOCIAL TRANSMISSION"
"Cultural_Transmission","INNOVATION PROCESSES"
"Cultural_Transmission","TRANSITIONAL TECHNOLOGY"
"Cultural_Transmission","TRANSMISSION OF COMPLEX TECHNOLOGIES"
"Cultural_Transmission","TRANSMISSION THEORY"
"Cultural_Transmission","UNBIASED TRANSMISSION"
"Cultural_Transmission","TRAVELING WAVES"
"Cultural_Transmission","TREADMILL MODEL"
"Cultural_Transmission","CULTURAL INFORMATION"
"Cultural_Transmission","BRANCHING VS. BLENDING"
"Cultural_Transmission","CHILDREN AND CULTURAL TRANSMISSION"
"Social_learning","SOCIAL LEARNING"
"Social_learning","LEARNERS"
"Social_learning","LEARNED"
"Social_learning","LEARNING"
"Social_learning","SOCIAL LEARNING AND"
"Social_learning","SOCIAL LEARNING STRATEGY"
"Social_learning","CULTURAL LEARNING"
"Social_learning","LEARNING-STRATEGIES"
"Social_learning","KNOWLEDGE"
"Social_learning","CRAFT LEARNING"
"Social_learning","CRAFT SPECIALIZATION"
"Social_learning","PEDAGOGY"
"Social_learning","TEACHING"
"Social_learning","APPRENTICESHIPS"
"Social_learning","IMITATION"
"Social_learning","INDIVIDUAL LEARNING"
"Social_learning","SKILL ACQUISITION"
"Social_learning","GUIDED VARIATION"
"Social_learning","COPYING"
"Phylogenetic_Cladistic_Methods","PHYLOGENETIC TREES"
"Phylogenetic_Cladistic_Methods","PHYLOGENETIC"
"Phylogenetic_Cladistic_Methods","INFERENCE"
"Phylogenetic_Cladistic_Methods","MAXIMUM-PARSIMONY"
"Phylogenetic_Cladistic_Methods","STATISTICAL INFERENCE"
"Phylogenetic_Cladistic_Methods","COMPARATIVE METHOD"
"Phylogenetic_Cladistic_Methods","COMPARATIVE METHODS"
"Phylogenetic_Cladistic_Methods","CLADE SHAPE"
"Phylogenetic_Cladistic_Methods","PHYLOGENETIC COMPARATIVE"
"Phylogenetic_Cladistic_Methods","COMPARATIVE METHOD"
"Phylogenetic_Cladistic_Methods","CLADES"
"Phylogenetic_Cladistic_Methods","DIVERGENCE"
"Phylogenetic_Cladistic_Methods","SYSTEMATICS"
"Phylogenetic_Cladistic_Methods","DIVERGENCE TIMES"
"Phylogenetic_Cladistic_Methods","DISCRETE TRAITS"
"Phylogenetic_Cladistic_Methods","PHYLOGENETICS"
"Phylogenetic_Cladistic_Methods","PHYLOGENY"
"Phylogenetic_Cladistic_Methods","PHYLOGENETIC ANALYSIS"
"Phylogenetic_Cladistic_Methods","PHYLOGENETIC TEST"
"Phylogenetic_Cladistic_Methods","PHYLOGENETIC METHODS"
"Phylogenetic_Cladistic_Methods","PHYLOGENETIC ANALYSES"
"Phylogenetic_Cladistic_Methods","CULTURAL PHYLOGENETICS"
"Phylogenetic_Cladistic_Methods","BAYESIAN PHYLOGENETIC INFERENCE"
"Phylogenetic_Cladistic_Methods","BEAST 2"
"Phylogenetic_Cladistic_Methods","CLADISTICS"
"Phylogenetic_Cladistic_Methods","CLADISTIC-ANALYSIS"
"Phylogenetic_Cladistic_Methods","CLADISTIC ANALYSES"
"Phylogenetic_Cladistic_Methods","GALTON'S PROBLEM"
"Phylogenetic_Cladistic_Methods","INDEPENDENT CONTRASTS"
"Phylogenetic_Cladistic_Methods","PHYLOGENETIC COMPARATIVE METHODS"
"Phylogenetic_Cladistic_Methods","PHYLOGENESIS"
"Phylogenetic_Cladistic_Methods","ANCESTRAL STATE"
"Phylogenetic_Cladistic_Methods","ANCESTRAL STATES"
"Phylogenetic_Cladistic_Methods","CLADE DIVERSITY"
"Gene_Culture_CoEvol","GENE_CULTURE"
"Gene_Culture_CoEvol","GENE-CULTURE COEVOLUTION"
"Gene_Culture_CoEvol","DUAL INHERITANCE"
"Gene_Culture_CoEvol","GENES MEMES"
"Gene_Culture_CoEvol","BIOLOGICAL AND CULTURAL EVOLUTION"
"Gene_Culture_CoEvol","DUAL INHERITANCE THEORY"
"Gene_Culture_CoEvol","GENE-CULTURE CO-EVOLUTION"
"Gene_Culture_CoEvol","GENE-CULTURE"
"Gene_Culture_CoEvol","CO-EVOLUTION"
"Gene_Culture_CoEvol","INHERITANCE THEORY"
"Gene_Culture_CoEvol","COEVOLUTION"
"Gene_Culture_CoEvol","BIOCULTURAL EVOLUTION"
"Evolutionary_Psychology","PSYCHOLOGICAL MODEL"
"Evolutionary_Psychology","PSYCHOLOGICAL"
"Evolutionary_Psychology","EVOLUTIONARY PSYCHOLOGY"
"Evolutionary_Psychology","PSYCHOLOGICAL EXPERIMENTATION"
"Evolutionary_Psychology","CULTURAL EVOLUTIONARY PSYCHOLOGY"
"Evolutionary_Psychology","PSYCHOLOGY"
"Evolutionary_Psychology","SOCIAL BRAIN"
"Evolutionary_Psychology","SOCIAL BRAIN HYPOTHESIS"
"Behav_Ecology","BEHAVIORAL GAMBIT"
"Behav_Ecology","HUMAN BEHAVIOURAL ECOLOGY"
"Behav_Ecology","BEHAVIORAL ECOLOGY"
"Human_Evolution","HUMAN EVOLUTION"
"Human_Evolution","MODERN"
"Human_Evolution","GENETIC TRANSMISSION"
"Human_Evolution","HUMAN ORIGINS"
"Human_Evolution","NEANDERTALS"
"Human_Evolution","OUT OF AFRICA"
"Human_Evolution","ETHNOGENESIS"
"Human_Evolution","ARCHAIC HUMANS"
"Human_Evolution","HOMO"
"Human_Evolution","SAPIENS"
"Human_Evolution","PRIMATES"
"Human_Evolution","GENETICS"
"Human_Evolution","ORIGINS"
"Human_Evolution","MODERN HUMAN-DIVERSITY"
"Human_Evolution","HOMO-SAPIENS"
"Human_Evolution","MODERN HUMAN TRANSITION"
"Human_Evolution","HUMAN-EVOLUTION"
"Human_Evolution","MODERN HUMAN ORIGINS"
"Human_Evolution","GENE FLOW"
"Human_Evolution","PHYSIOLOGY"
"Human_Evolution","BIOLOGICAL EVOLUTION"
"Human_Evolution","NEANDERTHALS"
"Human_Evolution","NEANDERTHAL"
"Human_Evolution","HOMINIDAE"
"Human_Evolution","MODERN HUMANS"
"Human_Evolution","HOMO SAPIENS"
"Human_Evolution","HOMO SAPIENS NEANDERTHALENSIS"
"Human_Evolution","HOMO NEANDERTHALENSIS"
"Human_Evolution","HOMINID"
"Human_Evolution","HUMANS"
"Human_Evolution","HOMO ANTECESSOR"
"Human_Evolution","HOMO HEIDELBERGENSIS"
"Human_Evolution","ABORIGINES"
"Human_Evolution","EARLY HOMO"
"Human_Evolution","PLIO-PLEISTOCENE HOMINIDS"
"Human_Evolution","PLIOPLEISTOCENE HOMINIDS"
"Human_Evolution","EARLY HOMINID"
"Human_Evolution","HOMO-ERECTUS"
"Human_Evolution","HUMAN"
"Human_Evolution","EARLY-MODERN HUMANS"
"Human_Evolution","HOMINIDS"
"Human_Evolution","MODERNITY"
"Human_Evolution","BRAIN SIZE"
"Evolutionary_Terms","TINBERGEN'S FOUR QUESTIONS"
"Evolutionary_Terms","DERIVED CHARACTERS"
"Evolutionary_Terms","ACQUIRED TRAITS"
"Evolutionary_Terms","AUTOCATALYTIC NETWORK"
"Evolutionary_Terms","ESSENTIALISM"
"Evolutionary_Terms","EVOLUTIONARY PERSPECTIVE"
"Evolutionary_Terms","POLYGENISTN"
"Evolutionary_Terms","EVOLUTIONARY BIOLOGY"
"Evolutionary_Terms","EVOLUTIONARY THEORY"
"Evolutionary_Terms","EVOLUTIONARY GEOARCHAEOLOGY"
"Evolutionary_Terms","VARIATIONAL EVOLUTION"
"Evolutionary_Terms","MODERN SYNTHESIS"
"Evolutionary_Terms","EVOLUTIONARY TREND"
"Evolutionary_Terms","RETENTION INDEX"
"Evolutionary_Terms","SELECTIVE RETENTION"
"Evolutionary_Terms","DIVERGENCE"
"Evolutionary_Terms","DIVERGENCE TIMES"
"Evolutionary_Terms","SPINDLE DIAGRAM"
"Evolutionary_Terms","EVOLUTIONARY PATTERN"
"Evolutionary_Terms","EVOLUTIONARY PROCESS"
"Evolutionary_Terms","EXTENDED EVOLUTIONARY"
"Evolutionary_Terms","EXTENDED EVOLUTIONARY SYNTHESIS"
"Evolutionary_Terms","EVODEVOSOCIO"
"Evolutionary_Terms","EVOLUTION OF"
"Evolutionary_Terms","EVOLUTION OF COGNITION"
"Evolutionary_Terms","HUMANEVOLUTION"
"Evolutionary_Terms","EVOLUTION OF HOMO SAPIENS"
"Evolutionary_Terms","SYSTEMATICS"
"Evolutionary_Terms","ORIGINATION"
"Evolutionary_Terms","HOMININ EVOLUTION"
"Evolutionary_Terms","EVOLUTION"
"Evolutionary_Terms","DRIFT"
"Evolutionary_Terms","TRANSMISSION"
"Evolutionary_Terms","EXTINCTION"
"Evolutionary_Terms","TRANSITIONS"
"Evolutionary_Terms","SPECIES DIFFERENTIATION"
"Evolutionary_Terms","SPECIES EXTINCTION"
"Evolutionary_Terms","INHERITANCE"
"Evolutionary_Terms","ADAPTATION"
"Evolutionary_Terms","EVOLUTIONARY CONSEQUENCES"
"Evolutionary_Terms","POSITIVE SELECTION"
"Evolutionary_Terms","ADAPTIVE LAG"
"Evolutionary_Terms","REPLICATORS"
"Evolutionary_Terms","COPYING ERRORS"
"Evolutionary_Terms","PUNCTUATED EQUILIBRIUM"
"Evolutionary_Terms","PUNCTUATED EQUILIBRIA"
"Evolutionary_Terms","RECENT POSITIVE SELECTION"
"Evolutionary_Terms","HOMOPHILY"
"Evolutionary_Terms","TEMPO"
"Evolutionary_Terms","MODE"
"Evolutionary_Terms","DARWINS FINCHES"
"Evolutionary_Terms","LINEAGES"
"Evolutionary_Terms","BRANCHING PROCESS"
"Evolutionary_Terms","LATERAL GENE-TRANSFER"
"Evolutionary_Terms","EVOLUTIONARY FORCES"
"Evolutionary_Terms","INDIRECT SELECTION"
"Evolutionary_Terms","NEUTRAL EVOLUTION"
"Evolutionary_Terms","MUTATION-DRIFT EQUILIBRIUM"
"Evolutionary_Terms","MICROEVOLUTION"
"Evolutionary_Terms","EVOLUTIONARY APPROACHES"
"Evolutionary_Terms","EVOLUTIONARY APPROACH"
"Evolutionary_Terms","EVOLUTIONARY PROCESSES"
"Evolutionary_Terms","NEUTRAL MODEL"
"Evolutionary_Terms","NEUTRAL THEORY"
"Evolutionary_Terms","RANDOM DRIFT"
"Evolutionary_Terms","EVOLUTIONARY"
"Evolutionary_Terms","NATURAL SELECTION"
"Evolutionary_Terms","MACROEVOLUTION"
"Evolutionary_Terms","REACTION-DISPERSAL MODELS"
"Evolutionary_Terms","POLYPHENISM"
"Evolutionary_Terms","ACQUIRED CHARACTERISTICS"
"Evolutionary_Terms","LINEAGE"
"Evolutionary_Terms","PHENOTYPIC TRAIT"
"Evolutionary_Terms","UNIT OF REPLICATION"
"Evolutionary_Terms","CONVERGENCE"
"Evolutionary_Terms","ISOLATION-BY-DISTANCE"
"Evolutionary_Terms","CULTURAL DRIFT"
"Evolutionary_Terms","COPYING ERROR"
"Genetics","POPULATION GENETICS"
"Genetics","GENES MEMES"
"Genetics","GENES"
"Genetics","MICROCEPHALIN"
"Genetics","GENE"
"Genetics","SPINDLE DIAGRAM"
"Genetics","FOXP2"
"Genetics","GENETIC-EVIDENCE"
"Genetics","MTDNA"
"Genetics","SICKLE-CELL GENE"
"Genetics","LACTASE-PERSISTENCE"
"Genetics","PHENOTYPE"
"Genetics","PHENOTYPIC ADAPTATION"
"Genetics","GENETIC MODIFICATION"
"Genetics","GENE FREQUENCIES"
"Genetics","ALLELE"
"Genetics","ALLELES"
"Genetics","HUMAN MITOCHONDRIAL-DNA"
"Genetics","GENETICALLY"
"Genetics","GENETIC"
"Genetics","LATERAL GENE-TRANSFER"
"Genetics","HOMOZYGOSITY TEST"
"Genetics","RANDOM GENETIC DRIFT"
"Genetics","ANCIENT DNA"
"Genetics","MOLECULAR GENETICS"
"Genetics","MITOCHONDRIAL DNA"
"Genetics","GENETIC DIVERSITY"
"Genetics","GENETIC-STRUCTURE"
"Genetics","GENOME"
"Genetics","GENOTYPES"
"Behaviour","MODERN BEHAVIORS"
"Behaviour","SYMBOLIC BEHAVIOUR"
"Behaviour","SYMBOLIC BEHAVIOR"
"Behaviour","BEHAVIOURAL MODERNITY"
"Behaviour","MODERNITY"
"Behaviour","MODERN HUMAN-BEHAVIOR"
"Behaviour","SOCIAL BEHAVIOR"
"Behaviour","NEANDERTHAL BEHAVIOUR"
"Behaviour","HUMAN-BEHAVIOR"
"Behaviour","HUMAN BEHAVIOR"
"Behaviour","BEHAVIOR"
"Behaviour","TECHNOLOGICAL BEHAVIOUR"
"Behaviour","BEHAVIORAL EVOLUTION"
"Behaviour","BEHAVIORAL MODERNITY"
"Behaviour","MODERN BEHAVIOR"
"Behaviour","BEHAVIORAL RESEARCH"
"Behaviour","BEHAVIORAL RECIPES"
"Behaviour","COOPERATION"
"Behaviour","COOPERATIVE BEHAVIOR"
"Behaviour","SOCIAL BRAIN"
"Behaviour","SOCIAL BRAIN HYPOTHESIS"
"Behaviour","HUMAN AGENCY"
"Behaviour","HUMAN COOPERATION"
"Behaviour","HUMAN SOCIAL BEHAVIOUR"
"Behaviour","HYGIENE BEHAVIOUR"
"Behaviour","BEHAVIOUR"
"Behaviour","HUMAN BEHAVIORAL"
"Behaviour","HUMAN BEHAVIOUR"
"Behaviour","MODERN HUMAN"
"Behaviour","HOMININ BEHAVIOUR"
"Behaviour","ANGER"
"Behaviour","AGGRESSION"
"Behaviour","EMOTION"
"Behaviour","RITES"
"Behaviour","PLAY"
"Behaviour","SYMBOLIC PLAY"
"Behaviour","OBJECT PLAY"
"Behaviour","MORTUARY RITUAL"
"Cognition","LANGUAGE DEVELOPMENT"
"Cognition","COGNITIVE SCIENCE"
"Cognition","COGNITIVELY"
"Cognition","LANGUAGE-READY BRAIN"
"Cognition","SPEECH"
"Cognition","CAPACITY FOR LANGUAGE"
"Cognition","SENTIENCE"
"Cognition","SYMBOLIC COGNITION"
"Cognition","PERCEPTION"
"Cognition","PRIMEVAL MIND"
"Cognition","NEURAL REUSE"
"Cognition","NEUROPRIMATOLOGY"
"Cognition","NEUROLINGUISTICS"
"Cognition","EVOLUTION OF COGNITION"
"Cognition","COMPLEX COGNITION"
"Cognition","COGNITION"
"Cognition","SOCIAL COGNITION"
"Cognition","CULTURE AND COGNITION"
"Cognition","COGNIZED LANDSCAPE"
"Cognition","BRAIN"
"Cognition","BRAIN SIZE"
"Cognition","MEMORY"
"Cognition","WORKING-MEMORY"
"Cognition","WORKING MEMORY"
"Cognition","PREFRONTAL CORTEX"
"Cognition","THINKING"
"Cognition","GENERAL INTELLIGENCE"
"Cognition","INTELLIGENCE"
"Cognition","COGNITIVE MECHANISMS"
"Cognition","NEUROIMAGING"
"Cognition","BRAIN EVOLUTION"
"Cognition","BRAIN RESEARCH"
"Cognition","COGNITIVE COUPLING"
"Cognition","COGNITIVE DEVELOPMENT"
"Cognition","COGNITIVE AND CULTURAL EVOLUTION"
"Cognition","HUMAN BRAIN EVOLUTION"
"Cognition","EXTENDED MIND"
"Cognition","CREATIVITY"
"Cognition","NEURONS"
"Cognition","SOCIAL BRAIN"
"Cognition","SOCIAL BRAIN HYPOTHESIS"
"Cognition","TRADITIONAL ECOLOGICAL KNOWLEDGE"
"Cognition","MOTOR SKILL"
"Cognition","MOTOR-SKILLS"
"Cognition","BASAL GANGLIA"
"Cognition","NEUROPSYCHOLOGY"
"Cognition","NEUROSCIENCE"
"Cognition","MENTAL"
"Cognition","MENTAL HEALTH"
"Cognition","CRANIOFACIAL ANTHROPOMETRY"
"Cognition","COGNITIVE ANTHROPOLOGY"
"Cognition","AND THE COGNITIVE AND EVOLUTIONARY SCIENCES"
"Cognition","COGNITIVE"
"Cognition","COGNITIVE COMPLEXITY"
"Cognition","COGNITIVE EVOLUTIONARY SCIENCE"
"Cognition","COGNITIVE GADGETS"
"Cognition","COGNITIVE PROCESSES"
"Cognition","COGNITIVE SCIENCE OF CULTURE"
"Cognition","COGNITIVE-CULTURAL CO-EVOLUTION"
"Tool_Use","PLAY OBJECTS"
"Tool_Use","TECHNICAL BEHAVIOR"
"Tool_Use","TOOL USE"
"Tool_Use","TOOL-USE"
"Tool_Use","TOOL USE BEHAVIOR"
"Tool_Use","STONE-USE PRACTICE"
"Tool_Use","STONE TOOL PRODUCTION"
"Tool_Use","CRAFT LEARNING"
"Tool_Use","CRAFT SPECIALIZATION"
"Symbolic_Communication","ABSTRACT SIGNS"
"Symbolic_Communication","VISUAL SYMBOLS"
"Symbolic_Communication","SYMBOLIC BEHAVIOR"
"Symbolic_Communication","SYMBOLIC BEHAVIOUR"
"Symbolic_Communication","SYMBOLIC COGNITION"
"Symbolic_Communication","SYMBOLIC COMMUNICATION"
"Symbolic_Communication","SYMBOLIC"
"Symbolic_Communication","GESTURE"
"Symbolic_Communication","SIGNALING THEORY"
"Symbolic_Communication","VISUAL PERCEPTION ERROR"
"Subsistence","EARLY RICE EXPLOITATION"
"Subsistence","HOUSEHOLD PRODUCTION"
"Subsistence","SHELL MIDDEN"
"Subsistence","FARMERS"
"Subsistence","HUMAN EXPLOITATION"
"Subsistence","INITIAL DOMESTICATION"
"Subsistence","BUTCHERY"
"Subsistence","SHELLFISH EXPLOITATION"
"Subsistence","MARINE RESOURCES"
"Subsistence","MARINE SHELL"
"Subsistence","FISHING"
"Subsistence","SUBSISTENCE"
"Subsistence","HUMAN SUBSISTENCE"
"Subsistence","HUMAN SUSTAINABILITY"
"Subsistence","SUBSISTENCE STRATEGIES"
"Subsistence","TRANSHUMANISM"
"Subsistence","PALAEO-ECONOMY"
"Subsistence","MARINE MOLLUSK EXPLOITATION"
"Subsistence","FOOD QUEST"
"Subsistence","ECONOMY"
"Subsistence","FISHERIES"
"Subsistence","FISHING (OIL WELLS)"
"Subsistence","NATURAL RESOURCES"
"Subsistence","FORAGER SUBSISTENCE DIVERSITY"
"Subsistence","RICE FARMERS"
"Subsistence","DIET"
"Subsistence","WILD-PLANT FOODS"
"Subsistence","PASTORALISM"
"Subsistence","DOMESTICATION"
"Subsistence","MAIZE AGRICULTURE"
"Subsistence","FOOD-PRODUCTION"
"Subsistence","DIVISION-OF-LABOR"
"Subsistence","SUBSISTENCE STRATEGY"
"Subsistence","AGRICULTURE"
"Subsistence","AGRICULTURAL ORIGINS"
"Subsistence","SEDENTARY SOCIETIES"
"Subsistence","LABOR ORGANIZATION"
"Subsistence","LABOR"
"Subsistence","AGRICULTURAL POTENTIAL"
"Subsistence","AGRICULTURAL TRANSITION"
"Subsistence","KILL-BUTCHERY"
"Subsistence","DECLINING FORAGING EFFICIENCY"
"Subsistence","FORAGING THEORY"
"Subsistence","BOW"
"Subsistence","MARITIME ADAPTATIONS"
"Subsistence","INTRODUCTION OF BOW AND ARROW"
"Subsistence","CENTRAL PLACE FORAGING"
"Subsistence","FORAGING EFFICIENCY"
"Subsistence","HUNTING STRATEGIES"
"Subsistence","LAND-USE"
"Subsistence","CARRYING CAPACITY"
"Subsistence","RESOURCE INTENSIFICATION"
"HunterGatherer_Forager","COMPLEX FORAGERS"
"HunterGatherer_Forager","PREHISTORIC HUNTER-GATHERERS"
"HunterGatherer_Forager","HUNTER GATHERERS"
"HunterGatherer_Forager","MOBILE COMMUNITIES"
"HunterGatherer_Forager","FORAGING"
"HunterGatherer_Forager","FORAGING INFORMATION"
"HunterGatherer_Forager","HUNTERS AND GATHERERS"
"HunterGatherer_Forager","HUNTING"
"HunterGatherer_Forager","INDIGENOUS HUNTER-GATHERERS"
"HunterGatherer_Forager","HUNTER-GATHERER"
"HunterGatherer_Forager","HUNTER-GATHERERS"
"HunterGatherer_Forager","COMPLEX HUNTER-GATHERERS"
"HunterGatherer_Forager","FORAGER SUBSISTENCE DIVERSITY"
"HunterGatherer_Forager","FORAGER-COLLECTOR"
"HunterGatherer_Forager","HUNTER-GATHERER-FISHERS"
"HunterGatherer_Forager","GATHERER"
"HunterGatherer_Forager","HUNTER-GATHERER TECHNOLOGY"
"HunterGatherer_Forager","HUNTING AND GATHERING"
"HunterGatherer_Forager","HUNTER\&\#8211"
"HunterGatherer_Forager","GATHERERS"
"HunterGatherer_Forager","HUNTER_GATHERERS"
"HunterGatherer_Forager","FORAGERS"
"Diet","MACRONUTRIENTS"
"Diet","CULINARY PRACTICES"
"Diet","FOOD PLANTS"
"Diet","DIETARY TRANSITION"
"Diet","NUTRITIONAL ECOLOGY"
"Diet","NUTRITION"
"Diet","DIET BREADTH"
"Diet","HUMAN METABOLISM"
"Diet","FOOD"
"Diet","FOOD PRODUCTION"
"Diet","FOOD SECURITY"
"Diet","FOOD TRADITIONS"
"Diet","PALAEODIETARY"
"Diet","FOOD CULTURE"
"Diet","FOOD STORAGE"
"Diet","FOODWAYS"
"Art","HOHLENSTEIN-STADEL LOWENMENSCH FIGURINE"
"Art","PETROGRAPHIC ANALYSIS"
"Art","SHELL BEADS"
"Art","ART"
"Art","PALEOLITHIC ART"
"Art","STENCILS"
"Art","CAVE ART"
"Art","ORNAMENTS"
"Art","MUSIC"
"Art","SYMBOLISM"
"Art","FINGER FLUTINGS"
"Art","PORTABLE ART"
"Art","PALAEOLITHIC ART"
"Art","ROCKART"
"Art","PAINTINGS"
"Art","PAINTING"
"Design","HORSE BLANKET STYLES"
"Design","FINGERNAIL IMPRESSIONS"
"Design","MORPHOSPACE"
"Design","DESIGN"
"Design","STYLISTIC"
"Design","FUNCTIONAL CONSTRAINTS"
"Design","DESIGN SPACE"
"Design","STYLE"
"Design","TECHNICAL STYLE"
"Design","STYLISTIC ANALYSES"
"Writing","ALPHABETIC WRITING"
"Writing","ARCHAIC FORMS OF WRITING"
"Writing","LITERACY"
"Writing","PETROGRAPHIC ANALYSIS"
"Writing","EBA GLYPTICS"
"Writing","NUCLEAR WRITING"
"Writing","NUMERALS"
"Linguistics","PHILOLOGY"
"Linguistics","PROTOLANGUAGE"
"Linguistics","NEUROLINGUISTICS"
"Linguistics","GLOTTOCHRONOLOGY"
"Linguistics","INHERITED SPEECH"
"Linguistics","LINGUISTIC DIVERSITY"
"Linguistics","ARCHAIC FORMS OF WRITING"
"Linguistics","ALPHABETIC WRITING"
"Linguistics","SEMANTIC NETWORK"
"Linguistics","SEMIOTICS"
"Linguistics","EVOLUTION OF LANGUAGE"
"Linguistics","LINGUISTICS"
"Linguistics","LANGUAGE EVOLUTION"
"Linguistics","LANGUAGE"
"Linguistics","LANGUAGE CHANGE"
"Linguistics","LANGUAGE ORIGINS"
"Linguistics","LANGUAGES"
"Linguistics","LANGUAGE DEVELOPMENT"
"Linguistics","LANGUAGE-READY BRAIN"
"Linguistics","SPEECH"
"Linguistics","CAPACITY FOR LANGUAGE"
"Climate_and_Catastrophes","OXYGEN ISOTOPES"
"Climate_and_Catastrophes","CLIMATE"
"Climate_and_Catastrophes","CLIMATE EFFECT"
"Climate_and_Catastrophes","ECOSYSTEM RESPONSE"
"Climate_and_Catastrophes","ENVIRONMENTAL CHANGES"
"Climate_and_Catastrophes","ENVIRONMENTAL"
"Climate_and_Catastrophes","GLACIAL MAXIMUM"
"Climate_and_Catastrophes","LATE HOLOCENE CLIMATE"
"Climate_and_Catastrophes","SEASONALITY"
"Climate_and_Catastrophes","CLIMATE-CHANGE"
"Climate_and_Catastrophes","CLIMATIC VARIABILITY"
"Climate_and_Catastrophes","VOLCANIC ERUPTION"
"Climate_and_Catastrophes","CATASTROPHIC EVENT"
"Climate_and_Catastrophes","HEINRICH EVENT"
"Climate_and_Catastrophes","LAACHER SEE"
"Climate_and_Catastrophes","LAACHER SEE-ERUPTION"
"Climate_and_Catastrophes","VOLCANIC FIELD"
"Climate_and_Catastrophes","FLOODS"
"Climate_and_Catastrophes","ENVIRONMENT"
"Climate_and_Catastrophes","COLD ADAPTATION"
"Climate_and_Catastrophes","HEINRICH EVENT 4"
"Climate_and_Catastrophes","VOLCANIC ERUPTIONS"
"Climate_and_Catastrophes","MIS 2"
"Climate_and_Catastrophes","MIS 11"
"Climate_and_Catastrophes","MIS 3"
"Climate_and_Catastrophes","EVENTS"
"Climate_and_Catastrophes","LAACHER-SEE-ERUPTION"
"Climate_and_Catastrophes","VOLCANO"
"Climate_and_Catastrophes","CLIMATIC STRESS"
"Climate_and_Catastrophes","CAMPANIAN IGNIMBRITE ERUPTION"
"Climate_and_Catastrophes","VOLCANIC-ERUPTIONS"
"Climate_and_Catastrophes","TIPPING POINTS"
"Climate_and_Catastrophes","VULNERABILITY"
"Climate_and_Catastrophes","RESILIENCE"
"Climate_and_Catastrophes","PALEOCLIMATOLOGY"
"Climate_and_Catastrophes","PALEOHYDROLOGY"
"Climate_and_Catastrophes","ENVIRONMENTAL ARCHAEOLOGY"
"Climate_and_Catastrophes","ENVIRONMENTAL CHANGE"
"Climate_and_Catastrophes","SEA LEVEL CHANGE"
"Climate_and_Catastrophes","4.2 KA"
"Climate_and_Catastrophes","EL-NINO"
"Climate_and_Catastrophes","CHIEMGAU METEORITE IMPACT"
"Climate_and_Catastrophes","COSMIC IMPACT"
"Climate_and_Catastrophes","ERUPTION"
"Climate_and_Catastrophes","TSUNAMI"
"Climate_and_Catastrophes","FLOOD"
"Climate_and_Catastrophes","PALEOFLOOD HYDROLOGY"
"Climate_and_Catastrophes","DRY"
"Climate_and_Catastrophes","ICE-FREE CORRIDOR"
"Climate_and_Catastrophes","VOLCANOES"
"Climate_and_Catastrophes","EARTHQUAKES"
"Climate_and_Catastrophes","HOLOCENE CLIMATE"
"Climate_and_Catastrophes","PALEOCLIMATE"
"Climate_and_Catastrophes","PALEOENVIRONMENTAL CHANGES"
"Climate_and_Catastrophes","SEA LEVEL"
"Climate_and_Catastrophes","SEA-LEVEL"
"Climate_and_Catastrophes","SEA-LEVEL HISTORY"
"Climate_and_Catastrophes","HYDROCLIMATIC CONTEXTS"
"Climate_and_Catastrophes","PAST CLIMATE-CHANGE"
"Climate_and_Catastrophes","TEMPERATURE"
"Climate_and_Catastrophes","TEMPERATURE HISTORY"
"Climate_and_Catastrophes","THERMAL ALTERATION"
"Climate_and_Catastrophes","LAKE DELTA O-18"
"Climate_and_Catastrophes","ENVIRONMENTAL COLLAPSE"
"Climate_and_Catastrophes","TEPHRA STUDIES"
"Climate_and_Catastrophes","ABRUPT CLIMATE CHANGE"
"Climate_and_Catastrophes","SUMMER MONSOON"
"Climate_and_Catastrophes","MONSOON"
"Climate_and_Catastrophes","ASIAN SUMMER"
"Climate_and_Catastrophes","CLIMATE CHANGE"
"Climate_and_Catastrophes","CASCADE MODEL"
"Climate_and_Catastrophes","PALAEO-EARTHQUAKE"
"Climate_and_Catastrophes","PALAEOCLIMATE"
"Climate_and_Catastrophes","ATMOSPHERIC DUST"
"Climate_and_Catastrophes","PALEOCLIMATE RECORDS"
"Climate_and_Catastrophes","PALEOFLOOD"
"Climate_and_Catastrophes","SOCIAL VOLCANOLOGY"
"Climate_and_Catastrophes","PALEOCLIMATIC"
"Climate_and_Catastrophes","HUMID"
"Climate_and_Catastrophes","ARID"
"Climate_and_Catastrophes","ARIDITY"
"Climate_and_Catastrophes","DRIER"
"Climate_and_Catastrophes","COLLAPSE"
"Climate_and_Catastrophes","AFRICAN HUMID PERIOD"
"Climate_and_Catastrophes","ENVIRONMENTAL CONDITIONS"
"Climate_and_Catastrophes","CLIMATE INSTABILITY"
"Climate_and_Catastrophes","CLIMATE VARIABILITY"
"Climate_and_Catastrophes","HOLOCENE CLIMATE VARIABILITY"
"Climate_and_Catastrophes","DISASTER"
"Climate_and_Catastrophes","DROUGHT"
"Climate_and_Catastrophes","DRY EVENT"
"Climate_and_Catastrophes","MEGADROUGHT"
"Climate_and_Catastrophes","CLIMATE AND ENVIRONMENTAL CHANGE"
"Climate_and_Catastrophes","CLIMATE EVENT"
"Climate_and_Catastrophes","GLACIATIONS"
"Climate_and_Catastrophes","ICE CAP"
"Climate_and_Catastrophes","ICE CORE"
"Climate_and_Catastrophes","NEOGLACIATION"
"Climate_and_Catastrophes","TREE-RING RECORD"
"Climate_and_Catastrophes","VOSTOK ICE CORE"
"Climate_and_Catastrophes","2.8 KA BP"
"Climate_and_Catastrophes","4.2 KA EVENT"
"Climate_and_Catastrophes","4.2 OR 4.0 KYR CLIMATIC EVENT"
"Climate_and_Catastrophes","5400 A BP EXTREME WEAKENING EVENT"
"Climate_and_Catastrophes","CLIMATE AND HUMANS"
"Climate_and_Catastrophes","CLIMATE IMPACT"
"Climate_and_Catastrophes","PAST CLIMATE CHANGE"
"Climate_and_Catastrophes","CLIMATIC"
"Geochronological_terms","QUATERNARY"
"Geochronological_terms","EARLY HOLOCENE"
"Geochronological_terms","LATE HOLOCENE"
"Geochronological_terms","MID-HOLOCENE"
"Geochronological_terms","MIDDLE AND LATE PLEISTOCENE"
"Geochronological_terms","PLEISTOCENE AUSTRALIA"
"Geochronological_terms","LATE PLIOCENE"
"Geochronological_terms","LATEST MIDDLE PLEISTOCENE"
"Geochronological_terms","MIDHOLOCENE"
"Geochronological_terms","PLEISTOCENE-HOLOCENE BOUNDARY"
"Geochronological_terms","PLEISTOCENE-HOLOCENE TRANSITION"
"Geochronological_terms","PLEISTOCENE"
"Geochronological_terms","UPPER PLEISTOCENE"
"Geochronological_terms","MIDDLE PLEISTOCENE"
"Geochronological_terms","EARLY PLEISTOCENE"
"Geochronological_terms","TEPHROCHRONOLOGY"
"Geochronological_terms","PLEISTOCENE CHRONOLOGY"
"Geochronological_terms","PLIO-PLEISTOCENE"
"Geochronological_terms","LATE PLEISTOCENE ARCHAEOLOGY"
"Geochronological_terms","MIDDLE HOLOCENE"
"Geochronological_terms","PLEISTOCENE ARCHAEOLOGY"
"Geochronological_terms","MID_HOLOCENE"
"Geochronological_terms","PLEISTOCENE SITE"
"Palaeolithic","ACHEULEAN ORIGINS"
"Palaeolithic","QUATERNARY"
"Palaeolithic","PALEOLITHIC TAXONOMY"
"Palaeolithic","PALEOLITHIC AGE TO NEOLITHIC AGE"
"Palaeolithic","PALEOINDIAN POINTS"
"Palaeolithic","LATE STONE AGE"
"Palaeolithic","EARLY STONE AGE"
"Palaeolithic","INITIAL UPPER PALEOLITHIC"
"Palaeolithic","ACHEULIAN"
"Palaeolithic","LATER ACHEULEAN"
"Palaeolithic","ACHEULEAN SITE"
"Palaeolithic","UPPER PALAEOLITHIC"
"Palaeolithic","UPPER PALEOLITHIC"
"Palaeolithic","LOWER PALEOLITHIC"
"Palaeolithic","MIDDLE TO UPPER PALEOLITHIC TRANSITION"
"Palaeolithic","MIDDLE PALEOLITHIC"
"Palaeolithic","KEILMESSERGRUPPEN"
"Palaeolithic","PALEOLITHIC ARCHAEOLOGY"
"Palaeolithic","PALEOLITHIC"
"Palaeolithic","AURIGNACIAN"
"Palaeolithic","MIDDLE-UPPER PALEOLITHIC TRANSITION"
"Palaeolithic","ACHEULEAN"
"Palaeolithic","SIBERIAN PALEOLITHIC"
"Palaeolithic","PALAEOLITHIC"
"Palaeolithic","MOUSTERIAN"
"Palaeolithic","BARADOSTIAN"
"Palaeolithic","FEDERMESSER"
"Palaeolithic","STONE-AGE"
"Palaeolithic","OLDOWAN"
"Palaeolithic","LATE PALEOLITHIC"
"Palaeolithic","UPPER PALEOLITHIC TRANSITION"
"Palaeolithic","PALEOFLOOD HYDROLOGY"
"Palaeolithic","LAST INTERGLACIAL"
"Palaeolithic","LATE GLACIAL"
"Palaeolithic","HOLOCENE"
"Palaeolithic","MIDDLE-HOLOCENE"
"Palaeolithic","HOHLENSTEIN-STADEL LOWENMENSCH FIGURINE"
"Palaeolithic","PALAEOLITHIC ARCHAEOLOGY"
"Palaeolithic","MIDDLE-TO-UPPER PALEOLITHIC"
"Palaeolithic","STONE AGE"
"Palaeolithic","LAST GLACIAL MAXIMUM"
"Palaeolithic","MIDDLE PALAEOLITHIC"
"Palaeolithic","LOWER/MIDDLE PALEOLITHIC"
"Palaeolithic","GRAVETTIAN"
"Palaeolithic","EARLY AURIGNACIAN"
"Palaeolithic","LOWER PALAEOLITHIC"
"Palaeolithic","MIDDLE STONE"
"Palaeolithic","MAGDALENIAN"
"Palaeolithic","UPPER MAGDALENIAN"
"Palaeolithic","MIDDLE/UPPER PALEOLITHIC TRANSITION"
"Palaeolithic","PALCOENVIRONMENTS"
"Palaeolithic","PALEOAMERICANS"
"Palaeolithic","PALAEODEMOGRAPHY"
"Palaeolithic","PALEOLITHIC TRANSITION"
"Palaeolithic","PALEOCLIMATOLOGY"
"Palaeolithic","PALEOHYDROLOGY"
"Palaeolithic","MIDDLE/UPPER"
"Palaeolithic","AZILIAN"
"Palaeolithic","BROMME CULTURE"
"Palaeolithic","ROSTAMIAN"
"Palaeolithic","PALEOLITHIC TRANSITIONS"
"Palaeolithic","EARLIER STONE AGE"
"Palaeolithic","ATERIAN"
"Palaeolithic","PALEOLITHIC TRANSITIONAL"
"Palaeolithic","EPIPALAEOLITHIC"
"Palaeolithic","CARPATHIAN UPPER PALAEOLITHIC"
"Palaeolithic","HOMINID SITE"
"Palaeolithic","PALEOLITHIC SITE"
"Palaeolithic","EARLY UPPER PALAEOLITHIC"
"Palaeolithic","FINAL PALAEOLITHIC"
"Palaeolithic","EARLY UPPER PALEOLITHIC"
"Palaeolithic","LATE PLEISTOCENE"
"Palaeolithic","ULUZZIAN"
"Palaeolithic","EARLIER STONE AGE"
"Palaeolithic","LATE ACHEULIAN"
"Palaeolithic","MOVIUS"
"Palaeolithic","MOVIUS LINE"
"Palaeolithic","THE MOVIUS LINE (ML)"
"Palaeolithic","STONE-AGE SITES"
"Palaeoindian","LATE WOODLAND"
"Palaeoindian","WOODLAND CERAMICS"
"Palaeoindian","CALIFORNIA INDIANS"
"Palaeoindian","PALEOINDIAN"
"Palaeoindian","PALEOINDIANS"
"Palaeoindian","CHUMASH"
"Palaeoindian","INUIT PEOPLES"
"Palaeoindian","PALEO CROSSING 33ME274"
"Palaeoindian","PRE-CLOVIS"
"African_Stone_Age","HOWIESONS POORT"
"African_Stone_Age","POST-HOWIESONS POORT"
"African_Stone_Age","POST-HOWIESON'S POORT"
"African_Stone_Age","HOWIESONS-POORT LAYERS"
"African_Stone_Age","MIDDLE STONE-AGE"
"African_Stone_Age","LATER STONE-AGE"
"African_Stone_Age","MSA SITE"
"African_Stone_Age","MIDDLE STONE AGE ARCHAEOLOGY"
"African_Stone_Age","AFRICAN MIDDLE STONE AGE"
"African_Stone_Age","MIDDLE STONE AGE"
"African_Stone_Age","PRE-OLDOWAN"
"African_Stone_Age","DEVELOPED OLDOWAN"
"African_Stone_Age","EARLIEST OLDOWAN"
"African_Stone_Age","LATER STONE AGE"
"African_Stone_Age","MIDDLE AND LATER STONE AGE"
"African_Stone_Age","MIDDLE-STONE-AGE"
"African_Stone_Age","EARLY MIDDLE STONE AGE"
"Mesolithic","EPIPALAEOLITHIC/MESOLITHIC"
"Mesolithic","PALEOLITHIC AGE TO NEOLITHIC AGE"
"Mesolithic","MESOLITHIC POTTERY"
"Mesolithic","EARLY MESOLITHIC"
"Mesolithic","LATE MESOLITHIC"
"Mesolithic","MESOLITHIC"
"Mesolithic","KHARTOUM MESOLITHIC"
"Mesolithic","SHELL MIDDEN"
"Neolithic","PALEOLITHIC AGE TO NEOLITHIC AGE"
"Neolithic","AGRICULTURE"
"Neolithic","DOMESTICATION"
"Neolithic","NEOLITHIC EUROPE"
"Neolithic","EARLY AGRICULTURE"
"Neolithic","NEOLITHIC TRANSITION"
"Neolithic","LINEARBANDKERAMIK CULTURE"
"Neolithic","FORAGER-FARMER"
"Neolithic","NEOLITHIC"
"Neolithic","NEOLITHIC ARCHAEOLOGY"
"Neolithic","EARLY NEOLITHIC"
"Neolithic","NEOLITHIC SOCIETIES"
"Neolithic","NEOLITHIC SPREAD"
"Neolithic","AGRICULTURAL POTENTIAL"
"Neolithic","AGRICULTURAL TRANSITION"
"Neolithic","FARMERS"
"Neolithic","INITIAL DOMESTICATION"
"Neolithic","NATUFIAN"
"Neolithic","NEOLITHIC AND BRONZE AGE"
"Neolithic","LATE NEOLITHIC"
"Neolithic","LATE NEOLITHIC AND BRONZE AGE"
"Neolithic","LATE NEOLITHIC AND BRONZE PERIODS"
"Neolithic","IRISH MEGALITHS"
"Neolithic","MEGALITHS"
"Neolithic","NEOLITHIC REVOLUTION"
"Neolithic","NEOLITHISATION"
"Neolithic","BELL BEAKER CULTURE"
"Neolithic","AGRICULTURAL DEVELOPMENT"
"Neolithic","ORIGINS OF AGRICULTURE"
"Neolithic","IRISH AGRICULTURAL CONDITIONS"
"Neolithic","NEOLITHIC PERIOD"
"Bronze_Age","LATE NEOLITHIC AND BRONZE AGE"
"Bronze_Age","LATE NEOLITHIC AND BRONZE PERIODS"
"Bronze_Age","BRONZE-AGE"
"Bronze_Age","LATE BRONZE AGE"
"Bronze_Age","NEOLITHIC AND BRONZE AGE"
"Bronze_Age","EBA GLYPTICS"
"Bronze_Age","EBA SOUTHERN LEVANT"
"Bronze_Age","EBA URBANISM"
"Bronze_Age","LATE BRONZE-AGE"
"Bronze_Age","EARLY BRONZE AGE"
"Bronze_Age","EARLY BRONZE METALLURGY"
"Bronze_Age","CHINESE BRONZE AGE"
"Bronze_Age","BRONZE"
"Bronze_Age","EUROPEAN BRONZE AGE"
"Bronze_Age","COPPER"
"Bronze_Age","IRON AGES"
"Bronze_Age","EARLY BRONZE-AGE"
"Bronze_Age","CHALCOLITHIC PERIOD"
"Bronze_Age","MIDDLE BRONZE AGE"
"Bronze_Age","BRONZE AGE"
"Iron_age","LA TENE PERIOD"
"Iron_age","IRON AGES"
"Iron_age","IRON AGE"
"Iron_age","LATE IRON AGE SCANDINAVIA"
"Iron_age","VIKINGS"
"Iron_age","IRON-AGE"
"Metallurgy","COPPER"
"Metallurgy","METAL"
"Metallurgy","MONSOON STEEL"
"Metallurgy","BRONZE INDUSTRY"
"Metallurgy","METALLURGY"
"Metallurgy","IRON SMELTING FURNACES"
"Metallurgy","ASIAN METALLURGY"
"Metallurgy","TATARA"
"Metallurgy","FURNACES"
"Metallurgy","IRON"
"Metallurgy","IRON SMELTING"
"Metallurgy","BRONZE"
"Metallurgy","EARLY BRONZE METALLURGY"
"Metallurgy","CAST IRON"
"Metallurgy","COPPER CULTURE"
"Metallurgy","COPPER SMELTING"
"Metallurgy","SLAG"
"Ancient","ROMAN"
"Ancient","ROMAN EMPIRE"
"Ancient","ANCIENT"
"Ancient","ANCIENT CERAMICS"
"Ancient","LATE ANTIQUITY"
"Ancient","ANTIQUITY"
"Ancient","ANCIENT-CITY"
"Spatial","SPATIAL SIMULATION"
"Spatial","SPATIO TEMPORAL"
"Spatial","GEOGRAPHICAL DISTRIBUTION"
"Spatial","SPATIAL DISTRIBUTION"
"Spatial","SPATIOTEMPORAL ANALYSIS"
"Spatial","SPATIAL"
"Spatial","RELIEF TOPOGRAPHY"
"Spatial","SPATIOTEMPORAL"
"Spatial","LANDSCAPE"
"Spatial","COGNIZED LANDSCAPE"
"Spatial","SPATIAL AUTOCORRELATION"
"Spatial","LOCAL SPATIAL AUTOCORRELATION"
"Spatial","GEOGRAPHICAL VARIATION (SPECIES)"
"Spatial","GEOGRAPHICAL VARIATION"
"Spatial","SPATIALLY"
"Spatial","TERRITORIALITY"
"Spatial","PALEOGEOGRAPHY"
"Spatial","ISOLATION-BY-DISTANCE"
"Spatial","ISOLATED"
"Spatial","GIS"
"Spatial","SPATIAL ANALYSIS"
"Spatial","ANTHROPOGENIC LANDSCAPES"
"Spatial","GEOSPATIAL"
"Spatial","ENVIRONMENTAL-CHANGE"
"Spatial","TERRITORY"
"Spatial","SPATIAL DIFFUSION"
"Spatial","SPATIAL EXPANSION"
"Spatial","SPATIAL PATTERNS"
"Spatial","SPATIAL-TEMPORAL"
"Spatial","SPATIOTEMPORAL DISTRIBUTION PATTERNS"
"Spatial","ECOLOGICAL ADAPTATION"
"Spatial","ECOLOGICAL IMPERIALISM"
"Spatial","ECOLOGICAL NICHE MODELING"
"Spatial","PROVENANCE RECONSTRUCTION"
"Spatial","MACRO-REGIONAL INTERACTION"
"Spatial","SPATIAL SCALE"
"Spatial","GIS ANALYSIS"
"Spatial","GEOGRAPHICALLY"
"Spatial","REACTION-DISPERSAL MODELS"
"Temporal","SPATIO TEMPORAL"
"Temporal","SPATIOTEMPORAL ANALYSIS"
"Temporal","SPATIAL-TEMPORAL"
"Temporal","SPATIOTEMPORAL DISTRIBUTION PATTERNS"
"Temporal","TEMPORAL DISTRIBUTION"
"Temporal","TEMPORAL FREQUENCY DISTRIBUTIONS"
"Temporal","SEQUENTIAL DATA"
"Temporal","AORISTIC METHODS"
"Temporal","STASIS"
"Temporal","PACE"
"Temporal","SPEED"
"Temporal","RAPIDLY"
"Temporal","CYCLE"
"Temporal","SPATIOTEMPORAL"
"Temporal","SHIFT"
"Temporal","LONG_TERM"
"Temporal","LARGE_SCALE"
"Temporal","DYNAMICS"
"Temporal","DYNAMIC"
"Temporal","CYCLES"
"Temporal","TEMPORAL RESOLUTION"
"Temporal","TEMPORAL TENDENCIES"
"Temporal","TEMPORAL FREQUENCY-DISTRIBUTIONS"
"Temporal","TIME-SERIES"
"Temporal","DEEP TIME"
"Temporal","PHASE"
"Temporal","LONG-TERM"
"Temporal","POST-HARVEST"
"Temporal","TIME AVERAGING"
"Temporal","TIME-AVERAGING"
"Macro_scale","COSMIC EVOLUTION"
"Macro_scale","CULTURAL MACRO-EVOLUTION"
"Macro_scale","LONG-TERM DATA SETS"
"Macro_scale","GLOBAL PATTERNS"
"Macro_scale","MACRO-EVOLUTION"
"Macro_scale","GLOBAL-CHANGE"
"Macro_scale","GLOBAL"
"Macro_scale","GLOBAL ETHIC"
"Macro_scale","MACROHISTORY"
"Comparative","COMPARATIVE APPROACH"
"Comparative","COMPARATIVE ARCHAEOLOGY"
"Comparative","COMPARATIVE METHOD"
"Comparative","COMPARATIVE RELIGION"
"Comparative","COMPARATIVE STUDY"
"Comparative","COMPARATIVE STUDY"
"Comparative","STYLISTIC COMPARISON"
"Comparative","MODEL COMPARISON"
"Cross_Cultural","CROSS-CULTURAL ETHNOGRAPHY"
"Cross_Cultural","CROSS-CULTURAL METHODOLOGY"
"Cross_Cultural","CROSS-CULTURAL STUDIES"
"Cross_Cultural","CROSS-CULTURAL VARIATION"
"Ecology_Environment","POLLEN-DERIVED BIOMES"
"Ecology_Environment","ECOLOGY"
"Ecology_Environment","RAINFALL VARIABILITY"
"Ecology_Environment","FRESHWATER ECOSYSTEM"
"Ecology_Environment","DRAINAGE"
"Ecology_Environment","PALEOECOLOGY"
"Ecology_Environment","PALEOENVIRONMENT"
"Ecology_Environment","ECOLOGICAL"
"Ecology_Environment","PALEOECOLOGICAL"
"Ecology_Environment","BIOSPHERE"
"Ecology_Environment","BALDWIN EFFECT"
"Ecology_Environment","CULTURAL ECOLOGY"
"Ecology_Environment","NUTRITIONAL ECOLOGY"
"Ecology_Environment","R-/K-SELECTION"
"Ecology_Environment","PALCOENVIRONMENTS"
"Ecology_Environment","HUMAN-DOMINATED ECOSYSTEMS"
"Ecology_Environment","LAND COVER"
"Ecology_Environment","HABITATS"
"Ecology_Environment","HUMAN BIOGEOGRAPHY"
"Ecology_Environment","EVOLUTIONARY ECOLOGY"
"Ecology_Environment","DIVERSIFICATION"
"Ecology_Environment","HISTORICAL ECOLOGY"
"Ecology_Environment","VULNERABILITY"
"Ecology_Environment","RESILIENCE"
"Ecology_Environment","CASCADE MODEL"
"Ecology_Environment","QUATERNARY PALEOECOLOGY"
"Ecology_Environment","NATURAL ENVIRONMENT"
"Ecology_Environment","POPULATION ECOLOGY"
"Ecology_Environment","BIODIVERSITY"
"Ecology_Environment","CARRYING-CAPACITY"
"Ecology_Environment","ENVIRONMENTAL DETERMINISM"
"Ecology_Environment","AFFORDANCE"
"Ecology_Environment","NATURAL RESOURCES"
"Ecology_Environment","REGIONAL SYSTEMS"
"Ecology_Environment","FORESTS"
"Ecology_Environment","PALAEOENVIRONMENT"
"Ecology_Environment","MAXENT"
"Ecology_Environment","ECODYNAMICS"
"Ecology_Environment","ECOLOGICAL ANTHROPOLOGY"
"Ecology_Environment","TINBERGEN'S FOUR QUESTIONS"
"Ecology_Environment","TRADITIONAL ECOLOGICAL KNOWLEDGE"
"Ecology_Environment","HUMAN ECOLOGICAL PATTERNS"
"Ecology_Environment","HUMAN ECOLOGY"
"Ecology_Environment","HUMAN EVOLUTIONARY ECOLOGY"
"Ecology_Environment","HUMAN POPULATION ECOLOGY"
"Ecology_Environment","FOREST"
"Ecology_Environment","GRASSLANDS"
"Ecology_Environment","HIGH-ALTITUDE"
"Ecology_Environment","ECOLOGICAL ANTHROPOLOGY"
"Ecology_Environment","LANDSCAPE CHANGE"
"Ecology_Environment","ECOSYSTEMS"
"Ecology_Environment","ENVIRONMENTAL RECONSTRUCTION"
"Ecology_Environment","FLUCTUATING ENVIRONMENT"
"Ecology_Environment","HUMAN BEHAVIORAL ECOLOGY"
"Ecology_Environment","HUMAN-ENVIRONMENT NEXUS"
"Ecology_Environment","HUMAN ECODYNAMICS"
"Ecology_Environment","ENVIRONMENTS"
"Ecology_Environment","PALEOENVIRONMENTAL"
"Ecology_Environment","STONE AGE ENVIRONMENTS"
"Ecology_Environment","HUMAN-ENVIRONMENTAL INTERACTION"
"Geoscience","AQUIFERS"
"Geoscience","LOESS PLATEAU"
"Geoscience","LOESS-PALEOSOL SEQUENCE"
"Geoscience","NATURAL HISTORY"
"Geoscience","DEPOSITION RATES"
"Geoscience","EVOLUTIONARY GEOARCHAEOLOGY"
"Geoscience","THIN-SECTION PETROGRAPHY"
"Geoscience","CRYSTALLOGRAPHY OF"
"Geoscience","QUARTZ"
"Geoscience","HYDROGEOMORPHIC CONTEXT"
"Geoscience","GEOLOGICAL"
"Geoscience","SHEET EROSION"
"Geoscience","TECTONICS"
"Geoscience","STALAGMITE"
"Geoscience","QUATERNARY UPLIFT"
"Geoscience","RESOLUTION GEOCHEMICAL RECORD"
"Geoscience","ROCK"
"Geoscience","SEDIMENTARY RECORDS"
"Geoscience","TEPHRA STUDIES"
"Geoscience","TEPHROCHRONOLOGY"
"Geoscience","QUARTZITE"
"Geoscience","ALLUVIUM (QAL)"
"Geoscience","SEDIMENTS"
"Geoscience","SILICA MINERALS"
"Geoscience","MICROMORPHOLOGY"
"Geoscience","SITE FORMATION"
"Geoscience","SITE-FORMATION"
"Geoscience","SOIL"
"Geoscience","GEOARCHAEOLOGY"
"Geoscience","GEOMORPHOLOGY"
"Geoscience","SEDIMENT GEOMETRY"
"Geoscience","GLADE DIVERSITY ANALYSIS"
"Palaeoanthropology","BASAL GANGLIA"
"Palaeoanthropology","CRANIOFACIAL ANTHROPOMETRY"
"Palaeoanthropology","PALEOANTHROPOLOGY"
"Palaeoanthropology","PALAEOANTHROPOLOGY"
"Palaeoanthropology","PLEISTOCENE HUMAN"
"Palaeoanthropology","ARTIFICIAL CRANIAL DEFORMATION"
"Palaeoanthropology","SEXUAL-DIMORPHISM"
"Palaeoanthropology","OLDOWAY BONE BEDS"
"Palaeoanthropology","SEX-DIFFERENCES"
"Palaeoanthropology","ANTHRACOLOGY"
"Palaeoanthropology","PROTEIN TOXICITY"
"Palaeoanthropology","MENOPAUSE"
"Palaeoanthropology","SKELETAL"
"Palaeoanthropology","ENAMEL"
"Palaeoanthropology","DENTAL ENAMEL"
"Palaeoanthropology","CRANIUM"
"Palaeoanthropology","BODY MASS"
"Palaeoanthropology","SKELETON"
"Palaeoanthropology","ANATOMY"
"Palaeoanthropology","BONE"
"Palaeoanthropology","BONE AND BONES"
"Palaeoanthropology","UNGULATE"
"Palaeoanthropology","UNGULATA"
"Palaeoanthropology","SKELETAL REMAINS"
"Palaeoanthropology","BRAIN SIZE"
"Palaeoanthropology","BONE-COLLAGEN"
"Palaeoanthropology","BIOLOGICAL ANTHROPOLOGY"
"Palaeoanthropology","CRANIAL MORPHOLOGY"
"Palaeoanthropology","CRANIOMETRICS"
"Palaeoanthropology","HYPOXIA"
"Primatology","GREAT APE"
"Primatology","SAVANNA CHIMPANZEES"
"Primatology","CHIMPANZEE"
"Primatology","CHIMPANZEES PAN-TROGLODYTES"
"Primatology","NEUROPRIMATOLOGY"
"Primatology","PRIMATE ARCHAEOLOGY"
"Primatology","PRIMATE"
"Primatology","RHESUS-MONKEYS"
"Primatology","CAPUCHIN MONKEYS"
"Primatology","APES IMPLICATIONS"
"Primatology","WILD CHIMPANZEES"
"Primatology","MONKEYS"
"Primatology","CHIMPANZEE POPULATIONS"
"Primatology","APES"
"Primatology","PAN-TROGLODYTES"
"Primatology","CHIMPANZEES"
"Primatology","PAN-PANISCUS"
"Primatology","PAN TROGLODYTES"
"Primatology","PRIMATES"
"Fauna","ZOOARCHAEOLOGY"
"Fauna","RANGIFER"
"Fauna","LARGE GAME"
"Fauna","ZOOARCHEOLOGY"
"Fauna","UNGULATES"
"Fauna","METAPODIAL"
"Fauna","ANIMAL"
"Fauna","FISH"
"Fauna","REINDEER"
"Fauna","MAMMALS"
"Fauna","RIVER CARIBOU HERD"
"Fauna","MAMMALIA"
"Fauna","ANIMAL CULTURE"
"Fauna","ANIMAL CUTLURES9"
"Fauna","ANIMAL DYNAMICS"
"Fauna","ANIMISM"
"Fauna","HUMAN-ANIMAL"
"Fauna","FAUNA"
"Fauna","VERTEBRATE"
"Fauna","SMALL MAMMALS"
"Fauna","LARGE GAMES"
"Fauna","PAPIO"
"Fauna","BISON"
"Fauna","CAPRA IBEX"
"Fauna","ANIMALS"
"Fauna","HORSE"
"Fauna","EQUIDAE"
"Fauna","ANIMALIA"
"Fauna","SALMON"
"Fauna","BUFO-MARINUS"
"Fauna","GIANT TOAD"
"Fauna","CARNIVORE TOOTH MARKS"
"Fauna","SHEEP"
"Fauna","CATTLE"
"Fauna","MIDDENS"
"Fauna","LARGE SHELL"
"Fauna","R-/K-SELECTION"
"Fauna","LARGE-MAMMAL FAUNA"
"Fauna","ANIMAL TRADITIONS"
"Fauna","MAMMOTH"
"Fauna","VERTEBRATES"
"Fauna","ANIMAL CULTURES"
"Fauna","ANIMAL SOCIAL NETWORKS"
"Fauna","BIRDS SONG"
"Fauna","BONE-COLLAGEN"
"Fauna","GOATS CAPRA-HIRCUS"
"Flora","VEGETATION"
"Flora","BIOLOGY"
"Flora","BIOMES"
"Flora","FOOD PLANTS"
"Flora","POLLEN RECORD"
"Flora","WILD CEREALS"
"Flora","GALIUM APARINE"
"Flora","PERILLA FRUTESCENS"
"Flora","BIOLOGICAL"
"Flora","PLANT"
"Flora","PHYTOLITH"
"Flora","PHYTOLITHS"
"Flora","POLLEN"
"Flora","POLLEN DATA"
"Flora","POLLEN-DERIVED BIOMES"
"Flora","MANIOC"
"Flora","VEGETATION HISTORY"
"Flora","FORESTS"
"Flora","ARCHAEOBOTANY"
"Flora","POLLEN ANALYSIS"
"Flora","PLANTS"
"Flora","BIOARCHAEOLOGY"
"Flora","CHILENSIS MOL. STUNTZ"
"Flora","MAIZE"
"Ethnoarchaeology","ETHNOLOGY"
"Ethnoarchaeology","ETHNOARCHAEOLOGY"
"Ethnoarchaeology","CERAMIC ETHNOARCHAEOLOGY"
"Historical","HISTORICAL ARCHAEOLOGY"
"Historical","PROTOHISTORIC"
"Historical","QUANTITATIVE HISTORY"
"Historical","INDIGENOUS HISTORY"
"Historical","HISTORICAL RECORD"
"Historical","HISTORICAL SOCIOLOGY"
"Historical","HISTORY AND ARCHAEOLOGY"
"Morphometrics","3D GEOMETRIC"
"Morphometrics","GEOMETRIC MORPHOMETRIC ANALYSES"
"Morphometrics","MORPHOMETRIC"
"Morphometrics","MORPHOLOGY"
"Morphometrics","LENGTH ESTIMATION"
"Morphometrics","MORPHOMETRY"
"Morphometrics","GEOMETRIC MORPHOMETRICS"
"Morphometrics","MORPHOMETRICS"
"Morphometrics","MORPHOLOGICAL"
"Morphometrics","GEOMETRIC"
"Morphometrics","GEOMETRICS"
"Morphometrics","MORPHOMETRIC-ANALYSIS"
"Morphometrics","MORPHOSPACE"
"Morphometrics","CRANIAL MORPHOLOGY"
"Morphometrics","CRANIOMETRICS"
"Morphometrics","GEOMETRIC MORPHOMETRIC-ANALYSIS"
"Morphometrics","DIGITAL MORPHOMETRICS"
"Morphometrics","MORPHOMETRIC VARIABILITY"
"Morphometrics","ALLOMETRY"
"Morphometrics","FOURIER-ANALYSIS"
"Quantitative_Methods","QUANTITATIVELY"
"Quantitative_Methods","STATISTICS"
"Quantitative_Methods","SIMULTANEOUS CONFIDENCE-INTERVALS"
"Quantitative_Methods","STOCHASTIC-MODELS"
"Quantitative_Methods","PROCESSUAL ARCHAEOLOGY"
"Quantitative_Methods","R PACKAGE"
"Quantitative_Methods","DATA ANALYSIS"
"Quantitative_Methods","QUANTITATIVE HISTORY"
"Quantitative_Methods","STOCHASTIC PROCESSES"
"Quantitative_Methods","PARAMETER-ESTIMATION"
"Quantitative_Methods","MATHEMATICAL MODELLING"
"Quantitative_Methods","INFERENCE"
"Quantitative_Methods","PROBABILITY-DISTRIBUTIONS"
"Quantitative_Methods","COMPUTATIONAL CHALLENGES"
"Quantitative_Methods","BAYESIAN-INFERENCE"
"Quantitative_Methods","SUMMED PROBABILITIES"
"Quantitative_Methods","REGRESSION"
"Quantitative_Methods","QUANTITATIVE ANALYSIS"
"Quantitative_Methods","BOOTSTRAPPING"
"Quantitative_Methods","SUMMED PROBABILITY DISTRIBUTIONS"
"Quantitative_Methods","QUANTITATIVE-ANALYSIS"
"Quantitative_Methods","EMPIRICAL"
"Quantitative_Methods","EMPIRICAL DATA"
"Quantitative_Methods","QUANTITATIVE METHODS"
"Quantitative_Methods","AUTOCORRELATION"
"Quantitative_Methods","AUTO-CORRELATION"
"Quantitative_Methods","POISSON PROCESS"
"Quantitative_Methods","MEAN-SQUARED DISPLACEMENT"
"Quantitative_Methods","FREQUENCY-BIASED"
"Quantitative_Methods","MULTIVARIATE"
"Quantitative_Methods","DATABASE"
"Quantitative_Methods","NUMERICAL METHOD"
"Quantitative_Methods","STATISTICAL"
"Quantitative_Methods","HYPOTHESIS TESTING"
"Quantitative_Methods","APPROXIMATE BAYESIAN COMPUTATION"
"Quantitative_Methods","EWENS SAMPLING DISTRIBUTION"
"Quantitative_Methods","DISTANCE GRAPHS"
"Quantitative_Methods","MAXENT"
"Quantitative_Methods","EMPIRICAL EVIDENCE"
"Quantitative_Methods","BAYESIAN"
"Quantitative_Methods","BAYESIAN MODELS"
"Quantitative_Methods","ARTIFICIAL INTELLIGENCE"
"Quantitative_Methods","MAXIMUM-PARSIMONY"
"Quantitative_Methods","STATISTICAL INFERENCE"
"Quantitative_Methods","SAMPLING SCHEME"
"Quantitative_Methods","LIKELIHOOD"
"Quantitative_Methods","DIAGRAMS"
"Quantitative_Methods","OUTLIER DETECTION"
"Quantitative_Methods","CORRESPONDENCE ANALYSIS"
"Quantitative_Methods","COMPUTER"
"Quantitative_Methods","STATISTICALLY"
"Quantitative_Methods","EXTERNAL VALIDITY"
"Quantitative_Methods","INTERNAL VALIDITY"
"Quantitative_Methods","MATHEMATICAL ANALYSIS"
"Quantitative_Methods","NEUTRALITY TESTS"
"Quantitative_Methods","TIME AVERAGING"
"Quantitative_Methods","TIME-AVERAGING"
"Quantitative_Methods","REACTION-DISPERSAL MODELS"
"Quantitative_Methods","TEMPORAL FREQUENCY-DISTRIBUTIONS"
"Quantitative_Methods","MONTE CARLO"
"Quantitative_Methods","QUANTITATIVE"
"Quantitative_Methods","SUMMED PROBABILITY DISTRIBUTION"
"Quantitative_Methods","COMPUTATIONAL"
"Quantitative_Methods","COMPUTATIONAL ARCHAEOLOGY"
"Quantitative_Methods","COMPUTATIONAL MODELING"
"Quantitative_Methods","LONG-TERM DATA SETS"
"Quantitative_Methods","DATABASES"
"Quantitative_Methods","COMPUTATIONAL MODELLING"
"Scientific_methods","STABLE-ISOTOPE ANALYSIS"
"Scientific_methods","STABLE-ISOTOPES"
"Scientific_methods","NITROGEN"
"Scientific_methods","LAKE DELTA O-18"
"Scientific_methods","INTELLIGENCE TESTING"
"Scientific_methods","EXPERIMENTAL"
"Scientific_methods","MICROWEAR ANALYSIS"
"Scientific_methods","ANALYTICAL METHOD"
"Scientific_methods","TREE-RING RECORD"
"Scientific_methods","VOSTOK ICE CORE"
"Scientific_methods","INVESTIGATING MICROWEAR POLISHES"
"Scientific_methods","ISOTOPE RATIOS"
"Scientific_methods","BLIND TESTS"
"Scientific_methods","AUTOMATIC PHOTOGRAMMETRY"
"Scientific_methods","(C-14) DATE DENSITIES"
"Scientific_methods","STABLE CARBON AND NITROGEN ISOTOPES"
"Scientific_methods","STARCH ANALYSIS"
"Scientific_methods","ARCHAEOMETRY"
"Scientific_methods","STRONTIUM ISOTOPES"
"Scientific_methods","ISOTOPE STAGE"
"Scientific_methods","MARINE ISOTOPE"
"Scientific_methods","TEST HYPOTHESES"
"Scientific_methods","TESTABLE HYPOTHESES"
"Scientific_methods","TERRESTRIAL LASER SCANNING"
"Scientific_methods","NATURAL SCIENCES"
"Scientific_methods","SURFACE PROPERTY"
"Scientific_methods","TAPHONOMY"
"Scientific_methods","SITE-FORMATION PROCESSES"
"Scientific_methods","SEQUENCE STRATIGRAPHY"
"Scientific_methods","GEOCHRONOLOGY"
"Scientific_methods","LOESS"
"Scientific_methods","GEOLOGY"
"Scientific_methods","SEDIMENTOLOGY"
"Scientific_methods","GEOLOGICAL RECORD"
"Scientific_methods","KARST"
"Scientific_methods","STRATIGRAPHY"
"Scientific_methods","STRATIGRAPHIC CORRELATION"
"Scientific_methods","VARNISH MICROSTRATIGRAPHY"
"Scientific_methods","ANALYTICAL PROTOCOLS"
"Scientific_methods","LITHOSTRATIGRAPHY"
"Scientific_methods","DETECTION METHOD"
"Scientific_methods","MICROSCOPY"
"Scientific_methods","CHEMISTRY"
"Scientific_methods","CONCENTRATION (PARAMETERS)"
"Scientific_methods","USE-WEAR"
"Scientific_methods","CONTROLLED STUDY"
"Scientific_methods","FOSSIL"
"Scientific_methods","FOSSILS"
"Scientific_methods","PALEONTOLOGY"
"Scientific_methods","CONFOCAL MICROSCOPY"
"Scientific_methods","COUNTING DEVICES"
"Scientific_methods","COSMONUCLIDE"
"Scientific_methods","CALIBRATION"
"Modelling_Simulating","BAYESIAN MODELS"
"Modelling_Simulating","SPECIES MODEL"
"Modelling_Simulating","SIMULATIONS"
"Modelling_Simulating","STIMULATED"
"Modelling_Simulating","MODELED"
"Modelling_Simulating","ABM"
"Modelling_Simulating","AGENT_BASED MODEL"
"Modelling_Simulating","AGENT-BASED"
"Modelling_Simulating","DISTRIBUTION MODELLING"
"Modelling_Simulating","SPATIAL SIMULATION"
"Modelling_Simulating","MODEL COMPARISON"
"Modelling_Simulating","COMPUTATIONAL MODELING"
"Modelling_Simulating","COMPUTATIONAL MODELLING"
"Modelling_Simulating","COMPUTER SIMULATION"
"Modelling_Simulating","COMPUTER-SIMULATION"
"Modelling_Simulating","MODELS"
"Modelling_Simulating","MODEL"
"Modelling_Simulating","MODELING"
"Modelling_Simulating","MODELLING"
"Modelling_Simulating","BIOLOGICAL MODEL"
"Modelling_Simulating","MATHEMATICAL MODEL"
"Modelling_Simulating","STATISTICAL MODEL"
"Modelling_Simulating","NUMERICAL MODEL"
"Modelling_Simulating","AGENT-BASED MODELLING"
"Modelling_Simulating","AGENT-BASED SIMULATION"
"Modelling_Simulating","AGENT-BASED MODELING"
"Modelling_Simulating","CULTURAL MODELING"
"Modelling_Simulating","CULTURAL DISSEMINATION MODEL"
"Modelling_Simulating","COMPUTATIONAL MODEL"
"Modelling_Simulating","COMPUTER MODELING"
"Modelling_Simulating","SPATIALLY EXPLICIT SIMULATION"
"Modelling_Simulating","MAXENT"
"Modelling_Simulating","AGENT-BASED MODEL"
"Modelling_Simulating","STIMULATED VARIATION"
"Modelling_Simulating","INDIVIDUAL-BASED SIMULATION"
"Modelling_Simulating","OPTIMALITY MODELING"
"Modelling_Simulating","SIMULATION"
"Modelling_Simulating","REACTION-DISPERSAL MODELS"
"Modelling_Simulating","EXPERIMENTAL SIMULATION"
"Modelling_Simulating","SIR MODEL"
"Modelling_Simulating","CULTURAL EVOLUTIONARY MODELS"
"Modelling_Simulating","EVOLUTIONARY MODELS"
"Modelling_Simulating","AGENT_BASED"
"Modelling_Simulating","MODEL SYSTEM"
"Networks","DEFAULT-MODE NETWORK"
"Networks","SEMANTIC NETWORK"
"Networks","MARITIME NETWORKS"
"Networks","SOCIAL NETWORK"
"Networks","COMMUNITY INTERACTION"
"Networks","POPULATION CONNECTIVITY"
"Networks","NETWORK"
"Networks","SOCIAL NETWORK MAINTENANCE"
"Networks","SOCIAL NETWORKS"
"Networks","NETWORKS"
"Networks","SOCIAL NETWORK ANALYSIS"
"Networks","ARCHAEOLOGICAL NETWORKS"
"Networks","NETWORK ARCHAEOLOGY"
"Networks","NETWORK PROPERTIES"
"Networks","AUTOCATALYTIC NETWORK"
"Networks","MACRO-REGIONAL INTERACTION"
"Networks","CENTRALITY"
"Networks","ASYMMETRICAL EXCHANGE"
"Networks","CULTURAL INTERACTION"
"Networks","ELITE EXCHANGE"
"Methods","METHODOLOGY"
"Methods","STYLISTIC ANALYSES"
"Methods","ATTRIBUTE ANALYSIS"
"Methods","MORPHOLOGICAL ANALYSIS"
"Methods","ARCHAEOLOGICAL METHOD AND THEORY"
"Methods","METHODOLOGICAL CONSIDERATIONS"
"Methods","WORLD-WIDE-WEB"
"Methods","INTERNET"
"Absolute_Dating","RADIOCARBON CALIBRATION"
"Absolute_Dating","C-14"
"Absolute_Dating","RADIOCARBON-DATES"
"Absolute_Dating","(C-14) DATE DENSITIES"
"Absolute_Dating","LUMINESCENCE DATING"
"Absolute_Dating","DATES"
"Absolute_Dating","CHRONOLOGY"
"Absolute_Dating","OSL DATING"
"Absolute_Dating","MIS 2"
"Absolute_Dating","MIS 11"
"Absolute_Dating","MIS 3"
"Absolute_Dating","C14"
"Absolute_Dating","RADIOCARBON"
"Absolute_Dating","RADIOCARBON DATING"
"Absolute_Dating","THERMOLUMINESCENCE"
"Absolute_Dating","DATING METHOD"
"Absolute_Dating","MARINE ISOTOPE STAGE"
"Absolute_Dating","RADIOCARBON DATES"
"Absolute_Dating","TEPHROCHRONOLOGY"
"Absolute_Dating","ELECTRON SPIN RESONANCE DATING"
"Absolute_Dating","ELECTRON SPIN RESONANCE"
"Absolute_Dating","ELECTRON SPIN RESONANCE SPECTROSCOPY"
"Absolute_Dating","RADIOMETRIC DATING"
"Absolute_Dating","MARINE ISOTOPE STAGES"
"Absolute_Dating","OXYGEN ISOTOPE STAGE 3"
"Absolute_Dating","BAYESIAN RADIOCARBON DATE"
"Absolute_Dating","ABSOLUTE DATING"
"Absolute_Dating","ESR DATING"
"Absolute_Dating","AGE CALIBRATION"
"Absolute_Dating","CARBON 14"
"Absolute_Dating","C-14 DATING"
"Absolute_Dating","RADIOCARBON CHRONOLOGY"
"Absolute_Dating","U-PB"
"Absolute_Dating","RADIOCARBON TIMESCALE"
"Absolute_Dating","CHRONOMETRIC DATA"
"Absolute_Dating","OPTICALLY STIMULATED LUMINESCENCE"
"Absolute_Dating","AGE DETERMINATION"
"Absolute_Dating","OSL"
"Absolute_Dating","CALIBRATION"
"Typology_Taxonomy","TAXONOMY"
"Typology_Taxonomy","MICRO-SERIATION"
"Typology_Taxonomy","ARTIFACT TYPES"
"Typology_Taxonomy","CULTURAL TAXONOMY"
"Typology_Taxonomy","TECHNO-TYPOLOGY"
"Typology_Taxonomy","TYPE DIVERSITY"
"Typology_Taxonomy","TYPOLOGY AND CLASSIFICATION"
"Typology_Taxonomy","TECHNO_COMPLEX"
"Typology_Taxonomy","LITHIC TYPOLOGY"
"Typology_Taxonomy","LITHIC TYPOLOGIES"
"Typology_Taxonomy","TAXA"
"Typology_Taxonomy","TYPOLOGICAL"
"Typology_Taxonomy","SERIATION ANALYSIS"
"Typology_Taxonomy","ARCHAEOLOGICAL SYSTEMATICS"
"Typology_Taxonomy","PALEOLITHIC TAXONOMY"
"Typology_Taxonomy","TYPOLOGY"
"Typology_Taxonomy","CLASSIFICATION"
"Typology_Taxonomy","PARADIGMATIC CLASSIFICATION"
"Typology_Taxonomy","SERIATION"
"Theoretical_approaches","THEORETICAL"
"Theoretical_approaches","RANGE THEORY"
"Theoretical_approaches","THEORETICAL MODEL"
"Theoretical_approaches","RADICAL ENACTIVISM"
"Theoretical_approaches","COGNITIVE ARCHAEOLOGY"
"Theoretical_approaches","META-REPRESENTATION"
"Theoretical_approaches","THEORY OF MIND"
"Theoretical_approaches","ARCHAEOLOGICAL THEORY"
"Theoretical_approaches","ENVIRONMENTAL RISK HYPOTHESIS"
"Theoretical_approaches","THEORY"
"Theoretical_approaches","HYPOTHESIS"
"Theoretical_approaches","THEORY NEED"
"Theoretical_approaches","CULTURAL DISSEMINATION MODEL"
"Theoretical_approaches","NEO-MARXISM"
"Theoretical_approaches","FISHERS FUNDAMENTAL THEOREM"
"Theoretical_approaches","ARCHAEOLOGICAL METHOD AND THEORY"
"Theoretical_approaches","SIGNALING THEORY"
"Theoretical_approaches","IDENTITY THEORY"
"Theoretical_approaches","DEMOGRAPHIC TRANSITION"
"Theoretical_approaches","MIDDLE-RANGE THEORY"
"Theoretical_approaches","ARCHAEOLOGICAL FREQUENCY SERIATION"
"Theoretical_approaches","ARCHAEOLOGICAL METHODS"
"Theoretical_approaches","ARCHAEOLOGICAL METHODS AND THEORY"
"Theoretical_approaches","CONFORMISM"
"Theoretical_approaches","NEW EMPIRICISM"
"Theoretical_approaches","NORMATIVE THEORY"
"Theoretical_approaches","PROCESSUAL ARCHAEOLOGY"
"Theoretical_approaches","RESILIENCE THEORY"
"Theoretical_approaches","ESSENTIALISM"
"Theoretical_approaches","DECISION THEORY"
"Theoretical_approaches","WORLD-SYSTEMS ANALYSIS"
"Theoretical_approaches","WORLD-SYSTEMS THEORY"
"Theoretical_approaches","WORLD-SYSTEMS"
"Theoretical_approaches","MODEL SYSTEM"
"Theoretical_approaches","PHILOSOPHICAL NATURALISM"
"Theoretical_approaches","FRANZ BOAS"
"Theoretical_approaches","BOAS"
"Theoretical_approaches","CULTURAL ANTHROPOLOGY"
"Theoretical_approaches","NEO-DARWINISM"
"Theoretical_approaches","FRIEDRICH WILHELM NIETZSCHE"
"Theoretical_approaches","GUSTAV SCHWALBE"
"Theoretical_approaches","HABITUS"
"Theoretical_approaches","DARWINIAN"
"Theoretical_approaches","CHARLES DARWIN"
"Theoretical_approaches","DARWINIAN THEORY"
"Theoretical_approaches","DARWINIAN EVOLUTIONARY"
"Theoretical_approaches","DARWINIZATION OF CULTURE"
"Theoretical_approaches","SOCIAL DARWINISM"
"Theoretical_approaches","UNIVERSAL DARWINISM"
"Theoretical_approaches","EVOLUTIONIST"
"Theoretical_approaches","EVOLUTIONISM"
"Theoretical_approaches","AXELROD'S"
"Theoretical_approaches","ANTONIO GRAMSCI"
"Theoretical_approaches","JARED DIAMOND"
"Theoretical_approaches","AUTOPOIESIS"
"Theoretical_approaches","CULTURAL ATTRACTOR THEORY"
"Theoretical_approaches","PHILOSOPHY"
"Theoretical_approaches","PHILOSOPHICAL"
"Theoretical_approaches","AESTHETICS"
"Theoretical_approaches","AESTHETIC MIND"
"Theoretical_approaches","ANTHROPOLOGY OF AESTHETICS"
"Theoretical_approaches","AGENCY"
"Theoretical_approaches","SYSTEMS SCIENCE"
"Theoretical_approaches","SYSTEMS THEORY"
"Theory_of_science","PARADIGM SHIFT"
"Theory_of_science","RESEARCH DESIGN"
"Theory_of_science","HISTORY OF PREHISTORY"
"Theory_of_science","EPISTEMOLOGY"
"Theory_of_science","EXCAVATION TECHNIQUES"
"Theory_of_science","CHRONOLOGY AS TOPIC"
"Theory_of_science","HISTORY OF ARCHAEOLOGY"
"Theory_of_science","SCIENTIFIC RACISM"
"Theory_of_science","CRITIQUE"
"Theory_of_science","COLONIAL"
"Theory_of_science","COLONIALISM"
"Theory_of_science","ACADEMIC COPYING"
"Theory_of_science","PHILOSOPHY OF SOCIAL SCIENCES"
"Theory_of_science","CENTENNIAL PAPER"
"Critical_Controversial","CRITICALLY"
"Critical_Controversial","CRITICISMS"
"Critical_Controversial","DISCUSSES"
"Critical_Controversial","CONTROVERSIAL"
"Critical_Controversial","CONTROVERSY"
"Critical_Controversial","PROBLEMATIC"
"Inter_Multidisciplinary","MULTIDISCIPLINARY"
"Inter_Multidisciplinary","INTERDISCIPLINARY RESEARCH"
"Inter_Multidisciplinary","INTERDISCIPLINARITY"
"Inter_Multidisciplinary","INTERDISCIPLINARY"
"Inter_Multidisciplinary","INTERDISCIPLINARY NETWORKS"
"Demography","PREHISTORIC DEMOGRAPHY"
"Demography","DEMOGRAPHY"
"Demography","POPULATION-GROWTH"
"Demography","POPULATION REGULATION"
"Demography","POPULATION FLUCTUATIONS"
"Demography","DEPOPULATION"
"Demography","POPULATION-STRUCTURE"
"Demography","LOW BIRTHRATE"
"Demography","POPULATIONS"
"Demography","DEMOGRAPHIC HISTORY"
"Demography","POPULATION DENSITY"
"Demography","POPULATION SIZE"
"Demography","FISHERS FUNDAMENTAL THEOREM"
"Demography","HUMAN-POPULATION"
"Demography","HUMAN POPULATIONS"
"Demography","POPULATION GROWTH"
"Demography","ASIAN POPULATIONS"
"Demography","POPULATION AGGREGATION"
"Demography","PREHISTORIC POPULATION"
"Demography","POPULATION BOTTLENECKS"
"Demography","TENFOLD POPULATION INCREASE"
"Demography","HUMAN-POPULATIONS"
"Demography","PALEODEMOGRAPHY"
"Demography","POPULATION ECOLOGY"
"Demography","HUMAN POPULATION ECOLOGY"
"Demography","ARCHAEOLOGICAL DEMOGRAPHY"
"Demography","PALAEODEMOGRAPHY"
"Demography","PALEOESKIMO DEMOGRAPHY"
"Demography","DEMIC"
"Demography","POPULATION"
"Demography","POPULATION-SIZE"
"Demography","NATURAL-POPULATIONS"
"Demography","POPULATION_LEVEL"
"Demography","SETTLEMENT POPULATION"
"Demography","POPULATION HISTORY"
"Demography","DEMOGRAPHIC"
"Demography","DEMOGRAPHY AND CULTURAL"
"Demography","EVOLUTIONARY DEMOGRAPHY"
"Demography","FINITE POPULATION SIZE"
"Demography","ADULTS"
"Demography","POPULATION DECLINE"
"Demography","SOCIAL BRAIN"
"Demography","SOCIAL BRAIN HYPOTHESIS"
"Demography","HUMAN POPULATION SIZE"
"Demography","GROUP-SIZE"
"Demography","HUMAN POPULATION"
"Demography","POPULATION DENSITIES"
"Children","CHILDREN"
"Children","CHILDHOOD"
"Children","CHILD"
"Children","CHILDREN AND CULTURAL TRANSMISSION"
"Children","PARENTAL INVESTMENT STRATEGY"
"Children","CHILDS PLAY"
"Mobility","LOGISTIC MOBILITY"
"Mobility","PEOPLING"
"Mobility","HUMAN COLONIZATION"
"Mobility","DEMIC DIFFUSION"
"Mobility","HOMININ DISPERSAL"
"Mobility","COLONISATION"
"Mobility","MOVEMENT"
"Mobility","HUMAN DISPERSAL"
"Mobility","COLONIZATION"
"Mobility","MIGRATIONS"
"Mobility","HUNTER-GATHERER MOBILITY"
"Mobility","RANGE EXPANSION"
"Mobility","DISPERSAL"
"Mobility","GEOGRAPHIC EXPANSION"
"Mobility","SEASONAL MOBILITY"
"Mobility","TRANS-EURASIA CULTURAL EXCHANGE"
"Mobility","TRANSCONTINENTAL CULTURE EXCHANGE"
"Mobility","EMIGRATION AND IMMIGRATION"
"Mobility","ANATOMICALLY MODERN HUMANS' DISPERSALS"
"Mobility","DISPERSALS"
"Mobility","HOMININ DISPERSALS"
"Mobility","HUMAN DISPERSALS"
"Mobility","HUMAN MIGRATION"
"Mobility","SOUTH AMERICA PEOPLING"
"Mobility","COASTAL SPREAD"
"Mobility","PEOPLING OF THE AMERICAS"
"Mobility","MIGRATION"
"Mobility","MOBILITY"
"Mobility","POPULATION DYNAMICS"
"Mobility","EARLY THULE EXPANSION"
"Mobility","MOBILITY STRATEGIES"
"Social","SOCIAL"
"Social","SOCIAL INFORMATION"
"Social","HUMAN COOPERATION"
"Social","SOCIOCULTURAL"
"Social","SOCIALLY"
"Social","SOCIO_CULTURAL"
"Social","SOCIAL ACTION"
"Social","SOCIAL BOUNDARIES"
"Social","SOCIAL CHANGE"
"Social","HUMAN SOCIAL"
"Social","SOCIAL STEREOTYPES"
"Social","SOCIO-COGNITIVE CONSTRUCT"
"Social","SOCIO-CULTURAL EVOLUTION"
"Social","HUMAN SOCIAL BEHAVIOUR"
"Social","SOCIOLOGY"
"Social","INTERGROUP"
"Social","INTER-GROUP RELATIONSHIPS"
"Social","SOCIAL NETWORK MAINTENANCE"
"Social","SOCIAL INTERACTION"
"Social","SOCIAL IDENTIFICATION"
"Social","SOCIAL INFLUENCE"
"Social","SOCIAL ROLE"
"Social","SOCIAL VOLCANOLOGY"
"Social","PLATFORMS OF SOCIETAL DYNAMICS"
"Social","MARRIAGE"
"Social","SOCIAL NETS OF FAMILY"
"Social","GENDER RELATIONS"
"Social","GENDER"
"Social","WOMEN"
"Social","MATRIARCHY"
"Social","MATRILINEAL"
"Social","MATRILINY"
"Social","MATRILOCALITY"
"Social","PATERNAL CARE"
"Society","HUMAN IMPACTS"
"Society","SOCIETY"
"Society","SOCIETAL"
"Society","SOCIETIES"
"Society","PUEBLO SOCIETIES"
"Society","PUEBLO SOCIETY"
"Society","ANCIENT SOCIETIES"
"Society","SOCIAL ORGANIZATION"
"Society","COMMUNITY STRUCTURE"
"Society","PREHISTORIC SOCIETIES"
"Society","SOCIETAL COMPLEXITY"
"Society","COMPLEX SOCIETIES"
"Society","SEDENTARY SOCIETIES"
"Society","HUMAN SOCIETIES"
"Society","CIVILIZATION"
"Society","CIVILIZATIONS"
"Society","IDEOLOGY"
"Society","MULTIETHNIC SOCIETIES"
"Society","RACE"
"Society","RACE DIFFERENCES"
"Society","TRANSEGALITARIAN SOCIETIES"
"Ethics_Morality","ANTHROPOLOGY OF ETHICS"
"Ethics_Morality","PUNISHMENT"
"Ethics_Morality","SOCIAL VALUES"
"Ethics_Morality","NORMS"
"Ethics_Morality","MORAL EMOTIONS"
"Ethics_Morality","MORAL EVIL"
"Ethics_Morality","MORAL REASONING"
"Ethics_Morality","MORALITY"
"Ethics_Morality","MORAL SENSITIVITY"
"Ethics_Morality","PARTNERSHIP MORALITY"
"Socio_political","SOCIOPOLITICAL"
"Socio_political","SOCIAL POLICY"
"Socio_political","SOCIOPOLITICAL COMPLEXITY"
"Socio_political","POLITICS"
"Socio_political","BIOPOLITICS"
"Socio_political","POLITICAL COMPLEXITY"
"Socio_political","POLITICAL AUTONOMY"
"Socio_political","POLITICAL"
"Socio_political","POLITICAL EVOLUTION"
"Socio_political","SOCIOPOLITICAL EVOLUTION"
"Socio_political","SOCIAL EVOLUTION"
"Socio_political","SOCIO-POLITICAL COMPLEXITY"
"Economics","ECONOMIC HISTORY"
"Economics","SOCIOECONOMIC"
"Economics","EVOLUTIONARY ECONOMICS"
"Economics","ECONOMICS"
"Economics","SOCIO_ECONOMIC"
"In_equality_Prestige","EGALITARIAN SOCIETIES"
"In_equality_Prestige","ALTRUISM"
"In_equality_Prestige","EQUALITY"
"In_equality_Prestige","POWER"
"In_equality_Prestige","BIG MEN"
"In_equality_Prestige","CHIEFDOM"
"In_equality_Prestige","LEADERS"
"In_equality_Prestige","PRESTIGE"
"In_equality_Prestige","SOCIAL HIERARCHY"
"In_equality_Prestige","EMERGENCE OF LEADERSHIP"
"In_equality_Prestige","SOCIAL STRUCTURE"
"In_equality_Prestige","ELITE EXCHANGE"
"In_equality_Prestige","WEALTH INEQUALITY"
"In_equality_Prestige","CHIEFDOMS"
"In_equality_Prestige","KINSHIP"
"In_equality_Prestige","INEQUALITY"
"In_equality_Prestige","ELITES"
"In_equality_Prestige","WEALTH-BASED INEQUALITY"
"In_equality_Prestige","SOCIAL STRATIFICATION"
"In_equality_Prestige","CHIEFS"
"In_equality_Prestige","INCIPIENT SOCIAL HIERARCHY"
"In_equality_Prestige","MONUMENTAL ARCHITECTURE"
"In_equality_Prestige","PALACE"
"In_equality_Prestige","STATE ORIGINS"
"In_equality_Prestige","PRESTIGE GOODS"
"In_equality_Prestige","SOCIAL STATUS"
"In_equality_Prestige","TERRITORIALITY"
"In_equality_Prestige","WAR"
"In_equality_Prestige","CONFLICT"
"In_equality_Prestige","VIOLENCE"
"In_equality_Prestige","WARFARE"
"Religion_Ritual_Tradition","ORIGINS OF RITUAL"
"Religion_Ritual_Tradition","WOMEN'S SPIRITUALITY"
"Religion_Ritual_Tradition","RELIGION"
"Religion_Ritual_Tradition","MODES OF RELIGIOSITY"
"Religion_Ritual_Tradition","RITUAL MODES"
"Religion_Ritual_Tradition","RITUAL PRACTICES"
"Religion_Ritual_Tradition","BUDDHISM"
"Religion_Ritual_Tradition","COSMOLOGY"
"Religion_Ritual_Tradition","FEASTING"
"Religion_Ritual_Tradition","FOLKLORE"
"Religion_Ritual_Tradition","FOLKTALES"
"Religion_Ritual_Tradition","RITUAL ARCHITECTURE"
"Religion_Ritual_Tradition","EVOLUTION OF RELIGION"
"Religion_Ritual_Tradition","GEOMYTHOLOGY"
"Religion_Ritual_Tradition","ANTHROPOLOGY OF SHAMANISM"
"Religion_Ritual_Tradition","SHAMANISM"
"Religion_Ritual_Tradition","MYTH"
"Religion_Ritual_Tradition","THEOLOGY AND SCIENCE"
"Religion_Ritual_Tradition","RELIGION AND COOPERATION"
"Religion_Ritual_Tradition","COGNITIVE SCIENCE OF RELIGION"
"Religion_Ritual_Tradition","RELIGION AND CULTURAL EVOLUTION"
"Religion_Ritual_Tradition","RELIGION AND SIGNALS"
"Religion_Ritual_Tradition","RELIGIOUS"
"Religion_Ritual_Tradition","RITUALS"
"Religion_Ritual_Tradition","RITUAL"
"Religion_Ritual_Tradition","MAGIC"
"Religion_Ritual_Tradition","ORAL HISTORY"
"Religion_Ritual_Tradition","ORAL TRADITION"
"Religion_Ritual_Tradition","THEOLOGICAL ANTHROPOLOGY"
"Religion_Ritual_Tradition","AFRO-BRAZILIAN RELIGION"
"Religion_Ritual_Tradition","MORTUARY"
"Religion_Ritual_Tradition","MORTUARY RITUAL"
"Religion_Ritual_Tradition","FLOWER BURIAL"
"Religion_Ritual_Tradition","BURIAL TRADITIONS"
"Religion_Ritual_Tradition","BURIAL CUSTOMS"
"Religion_Ritual_Tradition","GRAVESTONE"
"Religion_Ritual_Tradition","GRAVESTONES"
"Sites_Settlement","BURIAL SITE"
"Sites_Settlement","KILL SITE"
"Sites_Settlement","HUMAN SETTLEMENT DISTRIBUTION"
"Sites_Settlement","HUMAN SETTLEMENT INTENSITY"
"Sites_Settlement","ROCKFALL"
"Sites_Settlement","HOMINID SITE"
"Sites_Settlement","PALEOLITHIC SITE"
"Sites_Settlement","PREHISTORIC HUMAN SETTLEMENT"
"Sites_Settlement","PLEISTOCENE SITE"
"Sites_Settlement","EBA URBANISM"
"Sites_Settlement","ARCHAEOLOGICAL SITE"
"Sites_Settlement","ARCHAEOLOGICAL SITE DISTRIBUTIONS"
"Sites_Settlement","HUMAN SETTLEMENTS"
"Sites_Settlement","HOUSING"
"Sites_Settlement","SETTLEMENTS"
"Sites_Settlement","VILLAGES"
"Sites_Settlement","HOUSEHOLD"
"Sites_Settlement","EARLY HUMAN OCCUPATION"
"Sites_Settlement","HUMAN OCCUPATION"
"Sites_Settlement","METAPOPULATION"
"Sites_Settlement","SETTLEMENT DYNAMICS"
"Sites_Settlement","SETTLEMENT EVOLUTION"
"Sites_Settlement","SETTLEMENT MIGRATE"
"Sites_Settlement","SETTLEMENTS DYNAMICS"
"Sites_Settlement","TERRITORIALITY"
"Sites_Settlement","SETTLEMENT-PATTERNS"
"Sites_Settlement","LAND USE"
"Sites_Settlement","LANDSCAPE EVOLUTION"
"Sites_Settlement","LANDSCAPE HISTORY"
"Sites_Settlement","LANDSCAPES"
"Sites_Settlement","VILLAGE EMERGENCE"
"Sites_Settlement","PALEOLITHIC RESIDENTIAL CAMPS"
"Sites_Settlement","HOUSEHOLD ARCHAEOLOGY"
"Sites_Settlement","VILLAGE"
"Sites_Settlement","ARCHAEOLOGICAL SITES"
"Sites_Settlement","HUMAN SETTLEMENT"
"Sites_Settlement","SITE"
"Sites_Settlement","SETTLEMENT PATTERN"
"Sites_Settlement","SETTLEMENT PATTERNS"
"Sites_Settlement","OCCUPATIONAL PATTERNS"
"Sites_Settlement","OCCUPATION"
"Sites_Settlement","SETTLEMENT"
"Sites_Settlement","SEDENTISM"
"Sites_Settlement","SITE FORMATION PROCESSES"
"Sites_Settlement","OPEN-AIR SITE"
"Sites_Settlement","ACHEULEAN SITE"
"Architecture","RITUAL ARCHITECTURE"
"Architecture","MONUMENTAL ARCHITECTURE"
"Architecture","PALACE"
"Architecture","ARCHITECTURE"
"Health_Medicine","PALEOPARASITOLOGY"
"Health_Medicine","TRADITIONAL CHINESE MEDICINE"
"Health_Medicine","HEALTH"
"Health_Medicine","MEDICAL ANTHROPOLOGY"
"Health_Medicine","TRADITIONAL MEDICINE"
"Health_Medicine","ANCIENT DISEASES"
"Health_Medicine","PHARMACOPOEIA"
